item_id,title_zh,title_en,previous_status,new_status,inferred_artists,inferred_domains,inferred_collection_urls,match_types,match_folders,match_paths
d8eec78542df,无人驾驶,Driverless,no_work_url_match_on_collection_pages,no_work_url_match_on_collection_pages,铁心,tiexin.artron.net,https://tiexin.artron.net/,filename,USED 03artist_artron_tiexin,add pic/artist.artron.net/USED 03artist_artron_tiexin/无人驾驶.jpg
900aa74ff476,《荷塘追梦系列之二》,Pursuing Dreams in the Lotus Pond Series No. 2,no_work_url_match_on_collection_pages,no_work_url_match_on_collection_pages,铁心,tiexin.artron.net,https://tiexin.artron.net/,filename,USED 03artist_artron_tiexin,add pic/artist.artron.net/USED 03artist_artron_tiexin/《荷塘追梦系列之二》.jpg
9e8f13c0ad90,废都,The Abandoned Capital,no_work_url_match_on_collection_pages,no_work_url_match_on_collection_pages,管朴学,guanpuxue.artron.net,https://guanpuxue.artron.net/,filename,USED 05 artist_artron_guanpuxue,add pic/artist.artron.net/USED 05 artist_artron_guanpuxue/废都.jpg
40fe75077c7b,淡荡秋光,Gentle Autumn Light,no_work_url_match_on_collection_pages,no_work_url_match_on_collection_pages,管朴学,guanpuxue.artron.net,https://guanpuxue.artron.net/,filename,USED 05 artist_artron_guanpuxue,add pic/artist.artron.net/USED 05 artist_artron_guanpuxue/淡荡秋光.jpg
b241cd2b4f65,心画意兴,Heartfelt Inspiration,no_work_url_match_on_collection_pages,no_work_url_match_on_collection_pages,马章乘,mazhangcheng.artron.net,https://mazhangcheng.artron.net/,filename,USED 07 artist_artron_mazhangcheng1-16,add pic/artist.artron.net/USED 07 artist_artron_mazhangcheng1-16/心画意兴.jpg
d54cb4df8208,王府井南口,South Entrance of Wangfujing,no_work_url_match_on_collection_pages,no_work_url_match_on_collection_pages,戴泽,daize.artron.net,https://daize.artron.net/,filename,USED 08 artist_artron_daize5-22,add pic/artist.artron.net/USED 08 artist_artron_daize5-22/王府井南口.jpg
377ffc885c72,和平使命：乌克兰与以色列,Peace Mission: Ukraine and Israel,no_collection_url_available,source_collection_inferred_from_local_title,Dags Vidulejs,artmajeur.com,https://www.artmajeur.com/dags-vidulejs?view=grid&collections%5B%5D=2194390,translation_cache,USED 26 Dags Vidulejs,add pic/artmajeur.com/USED 26 Dags Vidulejs/_title_translation_cache.json
4d1a84a7a0d3,岁月,Years,no_work_url_match_on_collection_pages,no_work_url_match_on_collection_pages,韩玉臣,hanyuchen.artron.net,https://hanyuchen.artron.net/,filename,USED 04 artist_artron_hanyuchen,add pic/artist.artron.net/USED 04 artist_artron_hanyuchen/岁月.jpg
acd801e7b120,梦百合NO.5,Dream Lily No. 5,no_work_url_match_on_collection_pages,no_work_url_match_on_collection_pages,铁心,tiexin.artron.net,https://tiexin.artron.net/,filename,USED 03artist_artron_tiexin,add pic/artist.artron.net/USED 03artist_artron_tiexin/梦百合NO.5.jpg
9b845b101b5f,莎迦熊妹村,Saga Bear Sister Village,no_work_url_match_on_collection_pages,no_work_url_match_on_collection_pages,戴泽,daize.artron.net,https://daize.artron.net/,filename,USED 08 artist_artron_daize5-22,add pic/artist.artron.net/USED 08 artist_artron_daize5-22/莎迦熊妹村.jpg
2acd084564cc,柏林世界青年联欢节,Berlin World Youth Festival,no_work_url_match_on_collection_pages,no_work_url_match_on_collection_pages,戴泽,daize.artron.net,https://daize.artron.net/,filename,USED 08 artist_artron_daize5-22,add pic/artist.artron.net/USED 08 artist_artron_daize5-22/柏林世界青年联欢节.jpg
53f58f163b21,西安户县麦子地,"Wheat Fields in Huxian, Xi'an",no_work_url_match_on_collection_pages,no_work_url_match_on_collection_pages,戴泽,daize.artron.net,https://daize.artron.net/,filename,USED 08 artist_artron_daize5-22,add pic/artist.artron.net/USED 08 artist_artron_daize5-22/西安户县麦子地.jpg
9b485248182d,《奇异梦幻》,Fantastic Dreams,no_work_url_match_on_collection_pages,no_work_url_match_on_collection_pages,黄建南,huangjiannan.artron.net,https://huangjiannan.artron.net/works_index_21,filename,USED 23 artist_artron_黄建南,add pic/artist.artron.net/USED 23 artist_artron_黄建南/《奇异梦幻》.jpg
da62c0a19ce8,艺术圣殿的入口,Entrance to the Temple of Art,no_work_url_match_on_collection_pages,no_work_url_match_on_collection_pages,戴泽,daize.artron.net,https://daize.artron.net/,filename,USED 08 artist_artron_daize5-22,add pic/artist.artron.net/USED 08 artist_artron_daize5-22/艺术圣殿的入口.jpg
1d2dc99906a8,《全球化·克隆》,Globalization·Clone,no_collection_url_available,source_collection_inferred_from_local_title,Dags Vidulejs,artmajeur.com,https://www.artmajeur.com/dags-vidulejs?view=grid&collections%5B%5D=2194390,translation_cache,USED 26 Dags Vidulejs,add pic/artmajeur.com/USED 26 Dags Vidulejs/_title_translation_cache.json
5721636792b3,下十字架,Descent from the Cross,no_work_url_match_on_collection_pages,no_work_url_match_on_collection_pages,岳敏君,yueminjun.artron.net,https://yueminjun.artron.net/,filename,USED 09 artist_artron_yueminjun,add pic/artist.artron.net/USED 09 artist_artron_yueminjun/下十字架.jpg
73ffe2c58df2,《浩瀚》,Vastness,no_work_url_match_on_collection_pages,no_work_url_match_on_collection_pages,黄建南,huangjiannan.artron.net,https://huangjiannan.artron.net/works_index_21,filename,USED 23 artist_artron_黄建南,add pic/artist.artron.net/USED 23 artist_artron_黄建南/《浩瀚》.jpg
0d13932ce80b,我们的内心平静,Our Inner Peace,no_collection_url_available,source_collection_inferred_from_local_title,Oluwapelumi Olaosun,artmajeur.com,https://www.artmajeur.com/oluwapelumi-olaosun?view=grid&collections%5B%5D=2301889,translation_cache,USED 01 Oluwapelumi Olaosun,add pic/artmajeur.com/USED 01 Oluwapelumi Olaosun/_title_translation_cache.json
67a73d88fff6,海风,,no_work_url_match_on_collection_pages,no_work_url_match_on_collection_pages,刘守信,liushouxin.artron.net,https://liushouxin.artron.net/works_index_1,filename,22 artist_artron_刘守信,add pic/artist.artron.net/22 artist_artron_刘守信/海风.jpg
a677adff2798,《冬奥将即》,Winter Olympics Approaching,no_work_url_match_on_collection_pages,no_work_url_match_on_collection_pages,黄建南,huangjiannan.artron.net,https://huangjiannan.artron.net/works_index_21,filename,USED 23 artist_artron_黄建南,add pic/artist.artron.net/USED 23 artist_artron_黄建南/《冬奥将即》.jpg
f4f9ac223836,冰河上,On the Glacier,no_work_url_match_on_collection_pages,no_work_url_match_on_collection_pages,韩玉臣,hanyuchen.artron.net,https://hanyuchen.artron.net/,filename,USED 04 artist_artron_hanyuchen,add pic/artist.artron.net/USED 04 artist_artron_hanyuchen/冰河上.jpg
971645a03a25,魅力北大荒,Charming Northern Wilderness,no_work_url_match_on_collection_pages,no_work_url_match_on_collection_pages,戴泽,daize.artron.net,https://daize.artron.net/,filename,USED 08 artist_artron_daize5-22,add pic/artist.artron.net/USED 08 artist_artron_daize5-22/魅力北大荒.jpg
659033ea8e11,拜石心如山,Heart as Steadfast as a Mountain,no_work_url_match_on_collection_pages,no_work_url_match_on_collection_pages,马章乘,mazhangcheng.artron.net,https://mazhangcheng.artron.net/,filename,USED 07 artist_artron_mazhangcheng1-16,add pic/artist.artron.net/USED 07 artist_artron_mazhangcheng1-16/拜石心如山.jpg
023fc36cae8b,《穿越时空》,Timeless Journey,no_work_url_match_on_collection_pages,no_work_url_match_on_collection_pages,黄建南,huangjiannan.artron.net,https://huangjiannan.artron.net/works_index_21,filename,USED 23 artist_artron_黄建南,add pic/artist.artron.net/USED 23 artist_artron_黄建南/《穿越时空》.jpg
08531ba6cd16,蓝莲花,Blue Lotus,no_work_url_match_on_collection_pages,no_work_url_match_on_collection_pages,管朴学,guanpuxue.artron.net,https://guanpuxue.artron.net/,filename,USED 05 artist_artron_guanpuxue,add pic/artist.artron.net/USED 05 artist_artron_guanpuxue/蓝莲花.jpg
a4fcd8aa1030,梦百合NO.6,Dream Lily No. 6,no_work_url_match_on_collection_pages,no_work_url_match_on_collection_pages,铁心,tiexin.artron.net,https://tiexin.artron.net/,filename,USED 03artist_artron_tiexin,add pic/artist.artron.net/USED 03artist_artron_tiexin/梦百合NO.6.jpg
93f86765442d,秋游,Autumn Outing,no_work_url_match_on_collection_pages,no_work_url_match_on_collection_pages,戴泽,daize.artron.net,https://daize.artron.net/,filename,USED 08 artist_artron_daize5-22,add pic/artist.artron.net/USED 08 artist_artron_daize5-22/秋游.jpg
70f4e0a0d4dc,阿里老羊倌,Old Shepherd Ali,no_work_url_match_on_collection_pages,no_work_url_match_on_collection_pages,韩玉臣,hanyuchen.artron.net,https://hanyuchen.artron.net/,filename,USED 04 artist_artron_hanyuchen,add pic/artist.artron.net/USED 04 artist_artron_hanyuchen/阿里老羊倌.jpg
b080faf81093,承德秋色,Autumn Scenery in Chengde,no_work_url_match_on_collection_pages,no_work_url_match_on_collection_pages,韩玉臣,hanyuchen.artron.net,https://hanyuchen.artron.net/,filename,USED 04 artist_artron_hanyuchen,add pic/artist.artron.net/USED 04 artist_artron_hanyuchen/承德秋色.jpg
806581147a18,莎迦农民,Saga Farmers,no_work_url_match_on_collection_pages,no_work_url_match_on_collection_pages,戴泽,daize.artron.net,https://daize.artron.net/,filename,USED 08 artist_artron_daize5-22,add pic/artist.artron.net/USED 08 artist_artron_daize5-22/莎迦农民.jpg
47a1671704bf,建设者,Builders,no_work_url_match_on_collection_pages,no_work_url_match_on_collection_pages,戴泽,daize.artron.net,https://daize.artron.net/,filename,USED 08 artist_artron_daize5-22,add pic/artist.artron.net/USED 08 artist_artron_daize5-22/建设者.jpg
08455cf1eb43,乱云飞渡,Scudding Clouds,no_work_url_match_on_collection_pages,no_work_url_match_on_collection_pages,焦小健,baike.artron.net,https://baike.artron.net/artist?id=1958,filename,USED 06artist_artron_jiaoxiaojian,add pic/artist.artron.net/USED 06artist_artron_jiaoxiaojian/乱云飞渡.jpg
c10ed07770f8,修建新疆库尔勒火车站,Constructing the Korla Train Station in Xinjiang,no_work_url_match_on_collection_pages,no_work_url_match_on_collection_pages,戴泽,daize.artron.net,https://daize.artron.net/,filename,USED 08 artist_artron_daize5-22,add pic/artist.artron.net/USED 08 artist_artron_daize5-22/修建新疆库尔勒火车站.jpg
c915ae732262,大新安岭的森林,The Forests of Greater Khingan,no_work_url_match_on_collection_pages,no_work_url_match_on_collection_pages,戴泽,daize.artron.net,https://daize.artron.net/,filename,USED 08 artist_artron_daize5-22,add pic/artist.artron.net/USED 08 artist_artron_daize5-22/大新安岭的森林.jpg
95a4e412b22a,云南之彩,Colors of Yunnan,no_work_url_match_on_collection_pages,no_work_url_match_on_collection_pages,戴泽,daize.artron.net,https://daize.artron.net/,filename,USED 08 artist_artron_daize1-5,add pic/artist.artron.net/USED 08 artist_artron_daize1-5/云南之彩.jpg
14b6eeb1d5ce,涡轮爱国者的政治提议,Political Proposal of the Turbine Patriot,no_collection_url_available,source_collection_inferred_from_local_title,Dags Vidulejs,artmajeur.com,https://www.artmajeur.com/dags-vidulejs?view=grid&collections%5B%5D=2194390,translation_cache,USED 26 Dags Vidulejs,add pic/artmajeur.com/USED 26 Dags Vidulejs/_title_translation_cache.json
b7f9d3683c2b,穹海凝眸,Gazing at the Vast Sky,no_work_url_match_on_collection_pages,no_work_url_match_on_collection_pages,阿丁,ading.artron.net,https://ading.artron.net/,filename,USED 02artist_artron_ading,add pic/artist.artron.net/USED 02artist_artron_ading/穹海凝眸.jpg
2a90047f5f30,旷野,Wilderness,no_work_url_match_on_collection_pages,no_work_url_match_on_collection_pages,戴泽,daize.artron.net,https://daize.artron.net/,filename,USED 08 artist_artron_daize5-22,add pic/artist.artron.net/USED 08 artist_artron_daize5-22/旷野.jpg
82dae97f1718,光雾秋色,Autumn Mist and Light,no_work_url_match_on_collection_pages,no_work_url_match_on_collection_pages,阿丁,ading.artron.net,https://ading.artron.net/,filename,USED 02artist_artron_ading,add pic/artist.artron.net/USED 02artist_artron_ading/光雾秋色.jpg
54be9e80c788,高原之花,Highland Flower,no_work_url_match_on_collection_pages,no_work_url_match_on_collection_pages,黄建南; 戴泽,huangjiannan.artron.net; daize.artron.net,https://huangjiannan.artron.net/works_index_21; https://daize.artron.net/,filename,USED 23 artist_artron_黄建南; USED 08 artist_artron_daize5-22,add pic/artist.artron.net/USED 23 artist_artron_黄建南/高原之花.jpg; add pic/artist.artron.net/USED 08 artist_artron_daize5-22/高原之花.jpg
af6b433a0636,玉树青年,Jade Tree Youth,no_work_url_match_on_collection_pages,no_work_url_match_on_collection_pages,戴泽,daize.artron.net,https://daize.artron.net/,filename,USED 08 artist_artron_daize5-22,add pic/artist.artron.net/USED 08 artist_artron_daize5-22/玉树青年.jpg
46c292c90935,镜山,Mirror Mountain,no_work_url_match_on_collection_pages,no_work_url_match_on_collection_pages,管朴学,guanpuxue.artron.net,https://guanpuxue.artron.net/,filename,USED 05 artist_artron_guanpuxue,add pic/artist.artron.net/USED 05 artist_artron_guanpuxue/镜山.jpg
5015332e0585,《大漠风情》,Desert Charm,no_work_url_match_on_collection_pages,no_work_url_match_on_collection_pages,黄建南,huangjiannan.artron.net,https://huangjiannan.artron.net/works_index_21,filename,USED 23 artist_artron_黄建南,add pic/artist.artron.net/USED 23 artist_artron_黄建南/《大漠风情》.jpg
5896eae191c8,江山似风清,Mountains and Rivers Like a Clear Breeze,no_work_url_match_on_collection_pages,no_work_url_match_on_collection_pages,马章乘,mazhangcheng.artron.net,https://mazhangcheng.artron.net/,filename,USED 07 artist_artron_mazhangcheng1-16,add pic/artist.artron.net/USED 07 artist_artron_mazhangcheng1-16/江山似风清.jpg
e0001cbfcf57,大锡嘴,Big Tin Beak,no_work_url_match_on_collection_pages,no_work_url_match_on_collection_pages,戴泽,daize.artron.net,https://daize.artron.net/,filename,USED 08 artist_artron_daize5-22,add pic/artist.artron.net/USED 08 artist_artron_daize5-22/大锡嘴.jpg
2bb48deea443,永恒的影响,Eternal Influence,no_collection_url_available,source_collection_inferred_from_local_title,Dags Vidulejs,artmajeur.com,https://www.artmajeur.com/dags-vidulejs?view=grid&collections%5B%5D=2194390,translation_cache,USED 26 Dags Vidulejs,add pic/artmajeur.com/USED 26 Dags Vidulejs/_title_translation_cache.json
01252760995f,《时空》,Spacetime,no_work_url_match_on_collection_pages,no_work_url_match_on_collection_pages,黄建南,huangjiannan.artron.net,https://huangjiannan.artron.net/works_index_21,filename,USED 23 artist_artron_黄建南,add pic/artist.artron.net/USED 23 artist_artron_黄建南/《时空》.jpg
5c21137058dc,梦百合NO.17,Dream Lily No. 17,no_work_url_match_on_collection_pages,no_work_url_match_on_collection_pages,铁心,tiexin.artron.net,https://tiexin.artron.net/,filename,USED 03artist_artron_tiexin,add pic/artist.artron.net/USED 03artist_artron_tiexin/梦百合NO.17.jpg
1dc4834b94cd,生产队长的心愿——不带菜的窝窝头,The Team Leader's Wish: Plain Cornbread,no_work_url_match_on_collection_pages,no_work_url_match_on_collection_pages,戴泽,daize.artron.net,https://daize.artron.net/,filename,USED 08 artist_artron_daize1-5,add pic/artist.artron.net/USED 08 artist_artron_daize1-5/生产队长的心愿——不带菜的窝窝头.jpg
8e790c84a78b,卧佛寺银杏,Ginkgo at the Reclining Buddha Temple,no_work_url_match_on_collection_pages,no_work_url_match_on_collection_pages,戴泽,daize.artron.net,https://daize.artron.net/,filename,USED 08 artist_artron_daize5-22,add pic/artist.artron.net/USED 08 artist_artron_daize5-22/卧佛寺银杏.jpg
19b681c2ab3c,一家子,Family,no_work_url_match_on_collection_pages,no_work_url_match_on_collection_pages,陈可之; 韩玉臣,chenkezhi.artron.net; hanyuchen.artron.net,https://chenkezhi.artron.net/works_index_1; https://hanyuchen.artron.net/,filename,18 artist_artistweb_陈可之; USED 04 artist_artron_hanyuchen,add pic/artist.artron.net/18 artist_artistweb_陈可之/一家子.jpg; add pic/artist.artron.net/USED 04 artist_artron_hanyuchen/一家子.jpg
0b65f4c5efb7,《丽色班公湖》,Beautiful Colors of Bangong Lake,no_work_url_match_on_collection_pages,no_work_url_match_on_collection_pages,黄建南,huangjiannan.artron.net,https://huangjiannan.artron.net/works_index_21,filename,USED 23 artist_artron_黄建南,add pic/artist.artron.net/USED 23 artist_artron_黄建南/《丽色班公湖》.jpg
7ebd9e449369,《荷塘追梦系列之六》,Pursuing Dreams in the Lotus Pond Series No. 6,no_work_url_match_on_collection_pages,no_work_url_match_on_collection_pages,铁心,tiexin.artron.net,https://tiexin.artron.net/,filename,USED 03artist_artron_tiexin,add pic/artist.artron.net/USED 03artist_artron_tiexin/《荷塘追梦系列之六》.jpg
ea48b59e8c1c,徐悲鸿,Xu Beihong,no_work_url_match_on_collection_pages,no_work_url_match_on_collection_pages,戴泽,daize.artron.net,https://daize.artron.net/,filename,USED 08 artist_artron_daize5-22,add pic/artist.artron.net/USED 08 artist_artron_daize5-22/徐悲鸿.jpg
279901b23290,《超能量》,Super Energy,no_work_url_match_on_collection_pages,no_work_url_match_on_collection_pages,黄建南,huangjiannan.artron.net,https://huangjiannan.artron.net/works_index_21,filename,USED 23 artist_artron_黄建南,add pic/artist.artron.net/USED 23 artist_artron_黄建南/《超能量》.jpg
6906596220e0,初春知山青,"Early Spring, Knowing the Mountains are Green",no_work_url_match_on_collection_pages,no_work_url_match_on_collection_pages,马章乘,mazhangcheng.artron.net,https://mazhangcheng.artron.net/,filename,USED 07 artist_artron_mazhangcheng1-16,add pic/artist.artron.net/USED 07 artist_artron_mazhangcheng1-16/初春知山青.jpg
438a768615a3,童趣天成,Innocence Naturally,no_work_url_match_on_collection_pages,no_work_url_match_on_collection_pages,韩玉臣,hanyuchen.artron.net,https://hanyuchen.artron.net/,filename,USED 04 artist_artron_hanyuchen,add pic/artist.artron.net/USED 04 artist_artron_hanyuchen/童趣天成.jpg
2a77f41f7618,社会主义民主德国见闻·柏林街头的火车,Train on the Streets of Berlin,no_work_url_match_on_collection_pages,no_work_url_match_on_collection_pages,戴泽,daize.artron.net,https://daize.artron.net/,filename,USED 08 artist_artron_daize5-22,add pic/artist.artron.net/USED 08 artist_artron_daize5-22/社会主义民主德国见闻·柏林街头的火车.jpg
a8132cc930c9,花开富贵,Blooming Prosperity,no_work_url_match_on_collection_pages,no_work_url_match_on_collection_pages,马章乘; 海阳,mazhangcheng.artron.net; haiyang.artron.net,https://mazhangcheng.artron.net/; https://haiyang.artron.net/works_index_1,filename,USED 07 artist_artron_mazhangcheng 10 artist_artron_haiyang,add pic/artist.artron.net/USED 07 artist_artron_mazhangcheng 10 artist_artron_haiyang/花开富贵.jpg
4e8cf82d22dd,冰荷花,Frozen Lotus,no_work_url_match_on_collection_pages,no_work_url_match_on_collection_pages,管朴学,guanpuxue.artron.net,https://guanpuxue.artron.net/,filename,USED 05 artist_artron_guanpuxue,add pic/artist.artron.net/USED 05 artist_artron_guanpuxue/冰荷花.jpg
08c6e2d550ba,平静的湖,Calm Lake,no_work_url_match_on_collection_pages,no_work_url_match_on_collection_pages,苏阳阳,artist.artron.net,https://artist.artron.net/artists5391/sale-0-0-0-1-1/,filename,USED 11 artist_artron_suyangyang,add pic/artist.artron.net/USED 11 artist_artron_suyangyang/平静的湖.jpg
ef298d42dcb3,入胜,Enthralling,no_work_url_match_on_collection_pages,no_work_url_match_on_collection_pages,韩玉臣,hanyuchen.artron.net,https://hanyuchen.artron.net/,filename,USED 04 artist_artron_hanyuchen,add pic/artist.artron.net/USED 04 artist_artron_hanyuchen/入胜.jpg
2e127cc1741f,楠楠的幸福,Nan's Happiness,no_work_url_match_on_collection_pages,no_work_url_match_on_collection_pages,马章乘; 海阳,mazhangcheng.artron.net; haiyang.artron.net,https://mazhangcheng.artron.net/; https://haiyang.artron.net/works_index_1,filename,USED 07 artist_artron_mazhangcheng 10 artist_artron_haiyang,add pic/artist.artron.net/USED 07 artist_artron_mazhangcheng 10 artist_artron_haiyang/楠楠的幸福.jpg
70b2a8615a4b,中央美院旧址,Former Site of the Central Academy of Fine Arts,no_work_url_match_on_collection_pages,no_work_url_match_on_collection_pages,戴泽,daize.artron.net,https://daize.artron.net/,filename,USED 08 artist_artron_daize5-22,add pic/artist.artron.net/USED 08 artist_artron_daize5-22/中央美院旧址.jpg
c31d55b83053,《山魂》,Mountain Soul,no_work_url_match_on_collection_pages,no_work_url_match_on_collection_pages,黄建南,huangjiannan.artron.net,https://huangjiannan.artron.net/works_index_21,filename,USED 23 artist_artron_黄建南,add pic/artist.artron.net/USED 23 artist_artron_黄建南/《山魂》.jpg
187d0f33837e,江南山水,Jiangnan Landscape,no_work_url_match_on_collection_pages,no_work_url_match_on_collection_pages,马章乘,mazhangcheng.artron.net,https://mazhangcheng.artron.net/,filename,USED 07 artist_artron_mazhangcheng1-16,add pic/artist.artron.net/USED 07 artist_artron_mazhangcheng1-16/江南山水.jpg
4742f89b46a4,自由的马,Horse of Freedom,no_work_url_match_on_collection_pages,no_work_url_match_on_collection_pages,苏阳阳,artist.artron.net,https://artist.artron.net/artists5391/sale-0-0-0-1-1/,filename,USED 11 artist_artron_suyangyang,add pic/artist.artron.net/USED 11 artist_artron_suyangyang/自由的马.jpg
ea18ed368692,沐雪,Snow Bath,no_work_url_match_on_collection_pages,no_work_url_match_on_collection_pages,韩玉臣,hanyuchen.artron.net,https://hanyuchen.artron.net/,filename,USED 04 artist_artron_hanyuchen,add pic/artist.artron.net/USED 04 artist_artron_hanyuchen/沐雪.jpg
0e42106d4e5d,《财神-来客》,God of Wealth - Visitor,no_work_url_match_on_collection_pages,no_work_url_match_on_collection_pages,黄建南,huangjiannan.artron.net,https://huangjiannan.artron.net/works_index_21,filename,USED 23 artist_artron_黄建南,add pic/artist.artron.net/USED 23 artist_artron_黄建南/《财神-来客》.jpg
c49334837975,维族女大夫,Uyghur Female Doctor,no_work_url_match_on_collection_pages,no_work_url_match_on_collection_pages,戴泽,daize.artron.net,https://daize.artron.net/,filename,USED 08 artist_artron_daize5-22,add pic/artist.artron.net/USED 08 artist_artron_daize5-22/维族女大夫.jpg
f3274e0cb018,然乌湖上,Above Ranwu Lake,no_work_url_match_on_collection_pages,no_work_url_match_on_collection_pages,韩玉臣,hanyuchen.artron.net,https://hanyuchen.artron.net/,filename,USED 04 artist_artron_hanyuchen,add pic/artist.artron.net/USED 04 artist_artron_hanyuchen/然乌湖上.jpg
aafc679bb369,攀登,Ascent,no_work_url_match_on_collection_pages,no_work_url_match_on_collection_pages,陈可之,chenkezhi.artron.net,https://chenkezhi.artron.net/works_index_1,filename,18 artist_artistweb_陈可之,add pic/artist.artron.net/18 artist_artistweb_陈可之/攀登.jpg
cdc74335c731,危险之花,Perilous Bloom,no_work_url_match_on_collection_pages,no_work_url_match_on_collection_pages,黄建南,huangjiannan.artron.net,https://huangjiannan.artron.net/works_index_21,filename,USED 23 artist_artron_黄建南,add pic/artist.artron.net/USED 23 artist_artron_黄建南/危险之花.jpg
26e786725d68,红荷,Red Lotus,no_work_url_match_on_collection_pages,no_work_url_match_on_collection_pages,管朴学,guanpuxue.artron.net,https://guanpuxue.artron.net/,filename,USED 05 artist_artron_guanpuxue,add pic/artist.artron.net/USED 05 artist_artron_guanpuxue/红荷.jpg
49491744a221,欧盟议会. 真理部,European Parliament: Ministry of Truth,no_collection_url_available,source_collection_inferred_from_local_title,Dags Vidulejs,artmajeur.com,https://www.artmajeur.com/dags-vidulejs?view=grid&collections%5B%5D=2194390,translation_cache,USED 26 Dags Vidulejs,add pic/artmajeur.com/USED 26 Dags Vidulejs/_title_translation_cache.json
46a9f9cc9b63,佛说之二,Buddha Speaks II,no_work_url_match_on_collection_pages,no_work_url_match_on_collection_pages,马章乘; 海阳,mazhangcheng.artron.net; haiyang.artron.net,https://mazhangcheng.artron.net/; https://haiyang.artron.net/works_index_1,filename,USED 07 artist_artron_mazhangcheng 10 artist_artron_haiyang,add pic/artist.artron.net/USED 07 artist_artron_mazhangcheng 10 artist_artron_haiyang/佛说之二.jpg
55f16309af16,薛涛井,Xue Tao Well,no_work_url_match_on_collection_pages,no_work_url_match_on_collection_pages,戴泽,daize.artron.net,https://daize.artron.net/,filename,USED 08 artist_artron_daize5-22,add pic/artist.artron.net/USED 08 artist_artron_daize5-22/薛涛井.jpg
6321cf36a06c,阳光下,In the Sun,no_work_url_match_on_collection_pages,no_work_url_match_on_collection_pages,韩玉臣,hanyuchen.artron.net,https://hanyuchen.artron.net/,filename,USED 04 artist_artron_hanyuchen,add pic/artist.artron.net/USED 04 artist_artron_hanyuchen/阳光下.jpg
a033b6741022,异恐症,异恐症,no_collection_url_available,source_collection_inferred_from_local_title,Dags Vidulejs,artmajeur.com,https://www.artmajeur.com/dags-vidulejs?view=grid&collections%5B%5D=2194390,translation_cache,USED 26 Dags Vidulejs,add pic/artmajeur.com/USED 26 Dags Vidulejs/_title_translation_cache.json
fdeb5e436b16,埃隆·马斯克推特带来言论自由的希望,Elon Musk's Twitter Brings Hope for Free Speech,no_collection_url_available,source_collection_inferred_from_local_title,Dags Vidulejs,artmajeur.com,https://www.artmajeur.com/dags-vidulejs?view=grid&collections%5B%5D=2194390,translation_cache,USED 26 Dags Vidulejs,add pic/artmajeur.com/USED 26 Dags Vidulejs/_title_translation_cache.json
da0956903985,原子战争后的欧盟社会,Post-Atomic War European Union Society,no_collection_url_available,source_collection_inferred_from_local_title,Dags Vidulejs,artmajeur.com,https://www.artmajeur.com/dags-vidulejs?view=grid&collections%5B%5D=2194390,translation_cache,USED 26 Dags Vidulejs,add pic/artmajeur.com/USED 26 Dags Vidulejs/_title_translation_cache.json
b47b82a49dbf,前门护城河边,By the Moat at Qianmen,no_work_url_match_on_collection_pages,no_work_url_match_on_collection_pages,戴泽,daize.artron.net,https://daize.artron.net/,filename,USED 08 artist_artron_daize5-22,add pic/artist.artron.net/USED 08 artist_artron_daize5-22/前门护城河边.jpg
c402603fc5d9,少女的心事,A Girl's Thoughts,no_work_url_match_on_collection_pages,no_work_url_match_on_collection_pages,马章乘; 海阳,mazhangcheng.artron.net; haiyang.artron.net,https://mazhangcheng.artron.net/; https://haiyang.artron.net/works_index_1,filename,USED 07 artist_artron_mazhangcheng 10 artist_artron_haiyang,add pic/artist.artron.net/USED 07 artist_artron_mazhangcheng 10 artist_artron_haiyang/少女的心事.jpg
5e5774946afc,我的家,My Home,no_work_url_match_on_collection_pages,no_work_url_match_on_collection_pages,戴泽,daize.artron.net,https://daize.artron.net/,filename,USED 08 artist_artron_daize5-22,add pic/artist.artron.net/USED 08 artist_artron_daize5-22/我的家.jpg
32c426ef526c,放牧,Herding,no_work_url_match_on_collection_pages,no_work_url_match_on_collection_pages,韩玉臣,hanyuchen.artron.net,https://hanyuchen.artron.net/,filename,USED 04 artist_artron_hanyuchen,add pic/artist.artron.net/USED 04 artist_artron_hanyuchen/放牧.jpg
d5a7c286c606,酷女孩_酷普桑_天才女孩,"Cool Girl, Cool Pusan, Genius Girl",no_collection_url_available,source_collection_inferred_from_local_title,Dags Vidulejs,artmajeur.com,https://www.artmajeur.com/dags-vidulejs?view=grid&collections%5B%5D=2194390,translation_cache,USED 26 Dags Vidulejs,add pic/artmajeur.com/USED 26 Dags Vidulejs/_title_translation_cache.json
abd845aba974,汉口码头,Hankou Wharf,no_work_url_match_on_collection_pages,no_work_url_match_on_collection_pages,戴泽,daize.artron.net,https://daize.artron.net/,filename,USED 08 artist_artron_daize1-5,add pic/artist.artron.net/USED 08 artist_artron_daize1-5/汉口码头.jpg
fce710c630a2,胸有朝霞油画,Morning Glow in the Heart,no_work_url_match_on_collection_pages,no_work_url_match_on_collection_pages,韩玉臣,hanyuchen.artron.net,https://hanyuchen.artron.net/,filename,USED 04 artist_artron_hanyuchen,add pic/artist.artron.net/USED 04 artist_artron_hanyuchen/胸有朝霞油画.jpg
a363799c7029,红牡丹,Red Peony,no_work_url_match_on_collection_pages,no_work_url_match_on_collection_pages,管朴学,guanpuxue.artron.net,https://guanpuxue.artron.net/,filename,USED 05 artist_artron_guanpuxue,add pic/artist.artron.net/USED 05 artist_artron_guanpuxue/红牡丹.jpg
00efdeeb5602,暗潮,Undercurrent,no_collection_url_available,source_collection_inferred_from_local_title,Shepard Fairey,artmajeur.com,https://www.artmajeur.com/obey-shepard-fairey,translation_cache,11 Shepard Fairey,add pic/artmajeur.com/11 Shepard Fairey/_title_translation_cache.json
853726305a18,快乐,Joy,no_collection_url_available,source_collection_inferred_from_local_title,Annabelle Amory,artmajeur.com,https://www.artmajeur.com/annabelle-amory?view=grid&collections%5B%5D=2064842,translation_cache,USED 21 Annabelle Amory,add pic/artmajeur.com/USED 21 Annabelle Amory/_title_translation_cache.json
91cdf479eba2,草原牧场,Grassland Pasture,no_work_url_match_on_collection_pages,no_work_url_match_on_collection_pages,马章乘; 海阳,mazhangcheng.artron.net; haiyang.artron.net,https://mazhangcheng.artron.net/; https://haiyang.artron.net/works_index_1,filename,USED 07 artist_artron_mazhangcheng 10 artist_artron_haiyang,add pic/artist.artron.net/USED 07 artist_artron_mazhangcheng 10 artist_artron_haiyang/草原牧场.jpg
d29c30fd26e2,黄花城长城脚下,At the Foot of Huanghuacheng Great Wall,no_work_url_match_on_collection_pages,no_work_url_match_on_collection_pages,戴泽,daize.artron.net,https://daize.artron.net/,filename,USED 08 artist_artron_daize5-22,add pic/artist.artron.net/USED 08 artist_artron_daize5-22/黄花城长城脚下.jpg
5d31018194ba,山秋,Autumn Mountain,no_work_url_match_on_collection_pages,no_work_url_match_on_collection_pages,马章乘,mazhangcheng.artron.net,https://mazhangcheng.artron.net/,filename,USED 07 artist_artron_mazhangcheng1-16,add pic/artist.artron.net/USED 07 artist_artron_mazhangcheng1-16/山秋.jpg
abe7454078ed,花旗藤,Wisteria,no_work_url_match_on_collection_pages,no_work_url_match_on_collection_pages,戴泽,daize.artron.net,https://daize.artron.net/,filename,USED 08 artist_artron_daize5-22,add pic/artist.artron.net/USED 08 artist_artron_daize5-22/花旗藤.jpg
bfa34097d572,救命,Lifesaver,no_collection_url_available,source_collection_inferred_from_local_title,Igor Shulman,artmajeur.com,https://www.artmajeur.com/igor-shulman?view=grid&collections%5B%5D=1286191,filename,USED 19 Igor Shulman,add pic/artmajeur.com/USED 19 Igor Shulman/救命！！！.jpg
b793fc7423a7,纯净的风景,Pure Landscape,no_work_url_match_on_collection_pages,no_work_url_match_on_collection_pages,阿丁,ading.artron.net,https://ading.artron.net/,filename,USED 02artist_artron_ading,add pic/artist.artron.net/USED 02artist_artron_ading/纯净的风景.jpg
f04b1f0b31f3,《脉之歌》,Song of the Pulse,no_work_url_match_on_collection_pages,no_work_url_match_on_collection_pages,黄建南,huangjiannan.artron.net,https://huangjiannan.artron.net/works_index_21,filename,USED 23 artist_artron_黄建南,add pic/artist.artron.net/USED 23 artist_artron_黄建南/《脉之歌》.jpg
61a49d987245,《班公湖夜色》,Night Scene at Bangong Lake,no_work_url_match_on_collection_pages,no_work_url_match_on_collection_pages,黄建南,huangjiannan.artron.net,https://huangjiannan.artron.net/works_index_21,filename,USED 23 artist_artron_黄建南,add pic/artist.artron.net/USED 23 artist_artron_黄建南/《班公湖夜色》.jpg
504f295bb23d,幽竹,Quiet Bamboo,no_work_url_match_on_collection_pages,no_work_url_match_on_collection_pages,马章乘,mazhangcheng.artron.net,https://mazhangcheng.artron.net/,filename,USED 07 artist_artron_mazhangcheng1-16,add pic/artist.artron.net/USED 07 artist_artron_mazhangcheng1-16/幽竹.jpg
f7513c4b7f7f,爱丽丝,Alice,no_collection_url_available,source_collection_inferred_from_local_title,Annabelle Amory,artmajeur.com,https://www.artmajeur.com/annabelle-amory?view=grid&collections%5B%5D=2064842,translation_cache,USED 21 Annabelle Amory,add pic/artmajeur.com/USED 21 Annabelle Amory/_title_translation_cache.json
77516cda554b,竹之气节,The Spirit of Bamboo,no_work_url_match_on_collection_pages,no_work_url_match_on_collection_pages,马章乘,mazhangcheng.artron.net,https://mazhangcheng.artron.net/,filename,USED 07 artist_artron_mazhangcheng1-16,add pic/artist.artron.net/USED 07 artist_artron_mazhangcheng1-16/竹之气节.jpg
41f2b54f4612,香山晴雪,Fragrant Hills in Clear Snow,no_work_url_match_on_collection_pages,no_work_url_match_on_collection_pages,戴泽,daize.artron.net,https://daize.artron.net/,filename,USED 08 artist_artron_daize5-22,add pic/artist.artron.net/USED 08 artist_artron_daize5-22/香山晴雪.jpg
7f350fb01a7f,梦高原,Dream Plateau,no_work_url_match_on_collection_pages,no_work_url_match_on_collection_pages,黄建南,huangjiannan.artron.net,https://huangjiannan.artron.net/works_index_21,filename,USED 23 artist_artron_黄建南,add pic/artist.artron.net/USED 23 artist_artron_黄建南/梦高原.jpg
25e9eca69842,深红色的背景,Crimson Background,no_work_url_match_on_collection_pages,no_work_url_match_on_collection_pages,戴泽,daize.artron.net,https://daize.artron.net/,filename,USED 08 artist_artron_daize5-22,add pic/artist.artron.net/USED 08 artist_artron_daize5-22/深红色的背景.jpg
1a8052c3eb75,布达拉宫,Potala Palace,no_work_url_match_on_collection_pages,no_work_url_match_on_collection_pages,戴泽,daize.artron.net,https://daize.artron.net/,filename,USED 08 artist_artron_daize5-22,add pic/artist.artron.net/USED 08 artist_artron_daize5-22/布达拉宫.jpg
b7c6eb36b083,外面的世界,The Outside World,no_work_url_match_on_collection_pages,no_work_url_match_on_collection_pages,韩玉臣,hanyuchen.artron.net,https://hanyuchen.artron.net/,filename,USED 04 artist_artron_hanyuchen,add pic/artist.artron.net/USED 04 artist_artron_hanyuchen/外面的世界.jpg
97d10b85be9a,昆仑山下,Beneath Kunlun Mountain,no_work_url_match_on_collection_pages,no_work_url_match_on_collection_pages,韩玉臣,hanyuchen.artron.net,https://hanyuchen.artron.net/,filename,USED 04 artist_artron_hanyuchen,add pic/artist.artron.net/USED 04 artist_artron_hanyuchen/昆仑山下.jpg
54282b51fe41,《祖国无处不风光》,Beauty of the Motherland Everywhere,no_work_url_match_on_collection_pages,no_work_url_match_on_collection_pages,黄建南,huangjiannan.artron.net,https://huangjiannan.artron.net/works_index_21,filename,USED 23 artist_artron_黄建南,add pic/artist.artron.net/USED 23 artist_artron_黄建南/《祖国无处不风光》.jpg
ca9a04d329e8,佛香阁,Pavilion of Buddhist Incense,no_work_url_match_on_collection_pages,no_work_url_match_on_collection_pages,戴泽,daize.artron.net,https://daize.artron.net/,filename,USED 08 artist_artron_daize1-5,add pic/artist.artron.net/USED 08 artist_artron_daize1-5/佛香阁.jpg
d1436b16d536,香溪,Fragrant Creek,no_work_url_match_on_collection_pages,no_work_url_match_on_collection_pages,戴泽,daize.artron.net,https://daize.artron.net/,filename,USED 08 artist_artron_daize5-22,add pic/artist.artron.net/USED 08 artist_artron_daize5-22/香溪.jpg
2032d4802382,金百合,Golden Lily,no_work_url_match_on_collection_pages,no_work_url_match_on_collection_pages,管朴学,guanpuxue.artron.net,https://guanpuxue.artron.net/,filename,USED 05 artist_artron_guanpuxue,add pic/artist.artron.net/USED 05 artist_artron_guanpuxue/金百合.jpg
7de06ae40d68,草原的风,Wind of the Grassland,no_work_url_match_on_collection_pages,no_work_url_match_on_collection_pages,马章乘; 海阳,mazhangcheng.artron.net; haiyang.artron.net,https://mazhangcheng.artron.net/; https://haiyang.artron.net/works_index_1,filename,USED 07 artist_artron_mazhangcheng 10 artist_artron_haiyang,add pic/artist.artron.net/USED 07 artist_artron_mazhangcheng 10 artist_artron_haiyang/草原的风.jpg
c4b250c0e144,《伽玛射线》,Gamma Rays,no_work_url_match_on_collection_pages,no_work_url_match_on_collection_pages,黄建南,huangjiannan.artron.net,https://huangjiannan.artron.net/works_index_21,filename,USED 23 artist_artron_黄建南,add pic/artist.artron.net/USED 23 artist_artron_黄建南/《伽玛射线》.jpg
b22b74c45116,小熊同他的妈妈,Bear Cub and His Mother,no_work_url_match_on_collection_pages,no_work_url_match_on_collection_pages,戴泽,daize.artron.net,https://daize.artron.net/,filename,USED 08 artist_artron_daize1-5,add pic/artist.artron.net/USED 08 artist_artron_daize1-5/小熊同他的妈妈.jpg
4ca86fb04c8e,流云,Floating Clouds,no_work_url_match_on_collection_pages,no_work_url_match_on_collection_pages,马章乘; 海阳,mazhangcheng.artron.net; haiyang.artron.net,https://mazhangcheng.artron.net/; https://haiyang.artron.net/works_index_1,filename,USED 07 artist_artron_mazhangcheng 10 artist_artron_haiyang,add pic/artist.artron.net/USED 07 artist_artron_mazhangcheng 10 artist_artron_haiyang/流云.jpg
debddb57feb5,超级利益链——旋转,Super Profit Chain - Rotation,no_work_url_match_on_collection_pages,no_work_url_match_on_collection_pages,焦小健,baike.artron.net,https://baike.artron.net/artist?id=1958,filename,USED 06artist_artron_jiaoxiaojian,add pic/artist.artron.net/USED 06artist_artron_jiaoxiaojian/超级利益链——旋转.jpg
294dcdf6f8be,充满阳光的日子,Sunny Days,no_work_url_match_on_collection_pages,no_work_url_match_on_collection_pages,马章乘; 海阳,mazhangcheng.artron.net; haiyang.artron.net,https://mazhangcheng.artron.net/; https://haiyang.artron.net/works_index_1,filename,USED 07 artist_artron_mazhangcheng 10 artist_artron_haiyang,add pic/artist.artron.net/USED 07 artist_artron_mazhangcheng 10 artist_artron_haiyang/充满阳光的日子.jpg
603ff0f1c705,都江堰,Dujiangyan,no_work_url_match_on_collection_pages,no_work_url_match_on_collection_pages,戴泽,daize.artron.net,https://daize.artron.net/,filename,USED 08 artist_artron_daize5-22,add pic/artist.artron.net/USED 08 artist_artron_daize5-22/都江堰.jpg
6f938b0a5192,山有灵气山中净,"The Spirit of the Mountain, Purity Within",no_work_url_match_on_collection_pages,no_work_url_match_on_collection_pages,马章乘,mazhangcheng.artron.net,https://mazhangcheng.artron.net/,filename,USED 07 artist_artron_mazhangcheng1-16,add pic/artist.artron.net/USED 07 artist_artron_mazhangcheng1-16/山有灵气山中净.jpg
fd385674583e,《量子射爆》,Quantum Blast,no_work_url_match_on_collection_pages,no_work_url_match_on_collection_pages,黄建南,huangjiannan.artron.net,https://huangjiannan.artron.net/works_index_21,filename,USED 23 artist_artron_黄建南,add pic/artist.artron.net/USED 23 artist_artron_黄建南/《量子射爆》.jpg
43424ef93c33,夜宴,Night Banquet,no_work_url_match_on_collection_pages,no_work_url_match_on_collection_pages,焦小健,baike.artron.net,https://baike.artron.net/artist?id=1958,filename,USED 06artist_artron_jiaoxiaojian,add pic/artist.artron.net/USED 06artist_artron_jiaoxiaojian/夜宴.jpg
dd86e837c63d,奶香四溢,Milky Aroma,no_work_url_match_on_collection_pages,no_work_url_match_on_collection_pages,韩玉臣,hanyuchen.artron.net,https://hanyuchen.artron.net/,filename,USED 04 artist_artron_hanyuchen,add pic/artist.artron.net/USED 04 artist_artron_hanyuchen/奶香四溢.jpg
b073dc191b4c,归真园,Garden of Return to Truth,no_work_url_match_on_collection_pages,no_work_url_match_on_collection_pages,管朴学,guanpuxue.artron.net,https://guanpuxue.artron.net/,filename,USED 05 artist_artron_guanpuxue,add pic/artist.artron.net/USED 05 artist_artron_guanpuxue/归真园.jpg
498b53dc5cbb,北方,North,no_work_url_match_on_collection_pages,no_work_url_match_on_collection_pages,管朴学,guanpuxue.artron.net,https://guanpuxue.artron.net/,filename,USED 05 artist_artron_guanpuxue,add pic/artist.artron.net/USED 05 artist_artron_guanpuxue/北方.jpg
bf2f00b783de,王府井教堂,Wangfujing Cathedral,no_work_url_match_on_collection_pages,no_work_url_match_on_collection_pages,戴泽,daize.artron.net,https://daize.artron.net/,filename,USED 08 artist_artron_daize5-22,add pic/artist.artron.net/USED 08 artist_artron_daize5-22/王府井教堂.jpg
c4f3be0a5f43,《天堂运动会》,Heavenly Games,no_work_url_match_on_collection_pages,no_work_url_match_on_collection_pages,黄建南,huangjiannan.artron.net,https://huangjiannan.artron.net/works_index_21,filename,USED 23 artist_artron_黄建南,add pic/artist.artron.net/USED 23 artist_artron_黄建南/《天堂运动会》.jpg
08915938087b,《金色童年》,Golden Childhood,no_work_url_match_on_collection_pages,no_work_url_match_on_collection_pages,韩玉臣; 毛锎,hanyuchen.artron.net; maokaiart.com,https://hanyuchen.artron.net/; http://www.maokaiart.com/,filename,USED 04 artist_artron_hanyuchen; 15 artist_artistweb_maokai,add pic/artist.artron.net/USED 04 artist_artron_hanyuchen/《金色童年》.jpg; add pic/artist.artron.net/15 artist_artistweb_maokai/金色童年.jpg
045cf7836f97,月季,Rose,no_work_url_match_on_collection_pages,no_work_url_match_on_collection_pages,戴泽,daize.artron.net,https://daize.artron.net/,filename,USED 08 artist_artron_daize5-22,add pic/artist.artron.net/USED 08 artist_artron_daize5-22/月季.jpg
03811fde9e80,《童年》油画,Childhood,no_work_url_match_on_collection_pages,no_work_url_match_on_collection_pages,韩玉臣,hanyuchen.artron.net,https://hanyuchen.artron.net/,filename,USED 04 artist_artron_hanyuchen,add pic/artist.artron.net/USED 04 artist_artron_hanyuchen/《童年》油画.jpg
c79edaa50db2,《天外来客》,Visitor from Beyond,no_work_url_match_on_collection_pages,no_work_url_match_on_collection_pages,黄建南,huangjiannan.artron.net,https://huangjiannan.artron.net/works_index_21,filename,USED 23 artist_artron_黄建南,add pic/artist.artron.net/USED 23 artist_artron_黄建南/《天外来客》.jpg
f2fc6edc033e,清幽,Tranquility,no_work_url_match_on_collection_pages,no_work_url_match_on_collection_pages,马章乘,mazhangcheng.artron.net,https://mazhangcheng.artron.net/,filename,USED 07 artist_artron_mazhangcheng1-16,add pic/artist.artron.net/USED 07 artist_artron_mazhangcheng1-16/清幽.jpg
5a5b370a1336,寺庙高严,Majestic Temple,no_work_url_match_on_collection_pages,no_work_url_match_on_collection_pages,韩玉臣,hanyuchen.artron.net,https://hanyuchen.artron.net/,filename,USED 04 artist_artron_hanyuchen,add pic/artist.artron.net/USED 04 artist_artron_hanyuchen/寺庙高严.jpg
7fd15d3da690,重庆梯归,Chongqing Steps Home,no_work_url_match_on_collection_pages,no_work_url_match_on_collection_pages,戴泽,daize.artron.net,https://daize.artron.net/,filename,USED 08 artist_artron_daize5-22,add pic/artist.artron.net/USED 08 artist_artron_daize5-22/重庆梯归.jpg
115e1244e766,移民入侵,Immigrant Invasion,no_collection_url_available,source_collection_inferred_from_local_title,Dags Vidulejs,artmajeur.com,https://www.artmajeur.com/dags-vidulejs?view=grid&collections%5B%5D=2194390,translation_cache,USED 26 Dags Vidulejs,add pic/artmajeur.com/USED 26 Dags Vidulejs/_title_translation_cache.json
92fd1878563d,国色天香,National Beauty and Heavenly Fragrance,no_work_url_match_on_collection_pages,no_work_url_match_on_collection_pages,马章乘,mazhangcheng.artron.net,https://mazhangcheng.artron.net/,filename,USED 07 artist_artron_mazhangcheng1-16,add pic/artist.artron.net/USED 07 artist_artron_mazhangcheng1-16/国色天香.jpg
42f559ba1e60,大地&有意味的形 (2),Earth & Meaningful Form (2),no_collection_url_available,source_collection_inferred_from_local_title,常世江,changshijiang.artron.net,https://changshijiang.artron.net/works_index_1,filename,19 artist_artron_常世江,add pic/artist.artron.net/19 artist_artron_常世江/大地&有意味的形.jpg
d02da722fbc0,大众娱乐,Mass Entertainment,no_work_url_match_on_collection_pages,no_work_url_match_on_collection_pages,焦小健,baike.artron.net,https://baike.artron.net/artist?id=1958,filename,USED 06artist_artron_jiaoxiaojian,add pic/artist.artron.net/USED 06artist_artron_jiaoxiaojian/大众娱乐.jpg
f862fe0b370a,灰城-微光,Gray City - Glimmer,no_work_url_match_on_collection_pages,no_work_url_match_on_collection_pages,铁心,tiexin.artron.net,https://tiexin.artron.net/,filename,USED 03artist_artron_tiexin,add pic/artist.artron.net/USED 03artist_artron_tiexin/灰城-微光.jpg
85f90c5f8af2,力量,Strength,no_collection_url_available,source_collection_inferred_from_local_title,Shepard Fairey,artmajeur.com,https://www.artmajeur.com/obey-shepard-fairey,translation_cache,11 Shepard Fairey,add pic/artmajeur.com/11 Shepard Fairey/_title_translation_cache.json
a4e6fec56298,芙蓉葵,Hibiscus,no_work_url_match_on_collection_pages,no_work_url_match_on_collection_pages,岳敏君,yueminjun.artron.net,https://yueminjun.artron.net/,filename,USED 09 artist_artron_yueminjun,add pic/artist.artron.net/USED 09 artist_artron_yueminjun/芙蓉葵.jpg
9d7a11e43bc7,吉祥长白山 (2),Auspicious Changbai Mountain (2),no_collection_url_available,source_collection_inferred_from_local_title,常世江,changshijiang.artron.net,https://changshijiang.artron.net/works_index_1,filename,19 artist_artron_常世江,add pic/artist.artron.net/19 artist_artron_常世江/吉祥长白山.jpg
2d6a67998ee2,老胡同别有洞天,Hidden Charms of Old Hutongs,no_work_url_match_on_collection_pages,no_work_url_match_on_collection_pages,戴泽,daize.artron.net,https://daize.artron.net/,filename,USED 08 artist_artron_daize1-5,add pic/artist.artron.net/USED 08 artist_artron_daize1-5/老胡同别有洞天.jpg
fc9b38daa21c,寂,Silence,no_work_url_match_on_collection_pages,no_work_url_match_on_collection_pages,管朴学,guanpuxue.artron.net,https://guanpuxue.artron.net/,filename,USED 05 artist_artron_guanpuxue,add pic/artist.artron.net/USED 05 artist_artron_guanpuxue/寂.jpg
23ec133d3d4e,圣泉云烟,Sacred Spring Mist,no_work_url_match_on_collection_pages,no_work_url_match_on_collection_pages,韩玉臣,hanyuchen.artron.net,https://hanyuchen.artron.net/,filename,USED 04 artist_artron_hanyuchen,add pic/artist.artron.net/USED 04 artist_artron_hanyuchen/圣泉云烟.jpg
6e0c819329e8,走向牧场,Heading to the Pasture,no_work_url_match_on_collection_pages,no_work_url_match_on_collection_pages,韩玉臣,hanyuchen.artron.net,https://hanyuchen.artron.net/,filename,USED 04 artist_artron_hanyuchen,add pic/artist.artron.net/USED 04 artist_artron_hanyuchen/走向牧场.jpg
788ab7182de5,老佟与列宁,Old Tong and Lenin,no_work_url_match_on_collection_pages,no_work_url_match_on_collection_pages,戴泽,daize.artron.net,https://daize.artron.net/,filename,USED 08 artist_artron_daize5-22,add pic/artist.artron.net/USED 08 artist_artron_daize5-22/老佟与列宁.jpg
72a90ad97372,神往,Yearning,no_work_url_match_on_collection_pages,no_work_url_match_on_collection_pages,韩玉臣,hanyuchen.artron.net,https://hanyuchen.artron.net/,filename,USED 04 artist_artron_hanyuchen,add pic/artist.artron.net/USED 04 artist_artron_hanyuchen/神往.jpg
01293d780b87,君子大成,Noble Perfection,no_work_url_match_on_collection_pages,no_work_url_match_on_collection_pages,马章乘,mazhangcheng.artron.net,https://mazhangcheng.artron.net/,filename,USED 07 artist_artron_mazhangcheng1-16,add pic/artist.artron.net/USED 07 artist_artron_mazhangcheng1-16/君子大成.jpg
42a87679d424,农民小组会,Farmers' Group Meeting,no_work_url_match_on_collection_pages,no_work_url_match_on_collection_pages,戴泽,daize.artron.net,https://daize.artron.net/,filename,USED 08 artist_artron_daize5-22,add pic/artist.artron.net/USED 08 artist_artron_daize5-22/农民小组会.jpg
789c11c8dbf2,山水,Landscape,no_work_url_match_on_collection_pages,no_work_url_match_on_collection_pages,马章乘,mazhangcheng.artron.net,https://mazhangcheng.artron.net/,filename,USED 07 artist_artron_mazhangcheng1-16,add pic/artist.artron.net/USED 07 artist_artron_mazhangcheng1-16/山水.jpg
5b06712435a5,北海团城,Beihai Round City,no_work_url_match_on_collection_pages,no_work_url_match_on_collection_pages,戴泽,daize.artron.net,https://daize.artron.net/,filename,USED 08 artist_artron_daize5-22,add pic/artist.artron.net/USED 08 artist_artron_daize5-22/北海团城.jpg
4bf5c821834c,北京平原,Beijing Plains,no_work_url_match_on_collection_pages,no_work_url_match_on_collection_pages,戴泽,daize.artron.net,https://daize.artron.net/,filename,USED 08 artist_artron_daize5-22,add pic/artist.artron.net/USED 08 artist_artron_daize5-22/北京平原.jpg
6810b355f688,月下独钓图,Fishing Alone Under the Moon,no_work_url_match_on_collection_pages,no_work_url_match_on_collection_pages,阿丁,ading.artron.net,https://ading.artron.net/,filename,USED 02artist_artron_ading,add pic/artist.artron.net/USED 02artist_artron_ading/月下独钓图.jpg
6a967efc3802,抗议,Protest,no_work_url_match_on_collection_pages,no_work_url_match_on_collection_pages,戴泽,daize.artron.net,https://daize.artron.net/,filename,USED 08 artist_artron_daize5-22,add pic/artist.artron.net/USED 08 artist_artron_daize5-22/抗议.jpg
abc40582ad32,正义,Justice,no_collection_url_available,source_collection_inferred_from_local_title,Shepard Fairey,artmajeur.com,https://www.artmajeur.com/obey-shepard-fairey,translation_cache,11 Shepard Fairey,add pic/artmajeur.com/11 Shepard Fairey/_title_translation_cache.json
6535fb86d150,西藏门巴族的小屋,Hut of the Monba People in Tibet,no_work_url_match_on_collection_pages,no_work_url_match_on_collection_pages,戴泽,daize.artron.net,https://daize.artron.net/,filename,USED 08 artist_artron_daize5-22,add pic/artist.artron.net/USED 08 artist_artron_daize5-22/西藏门巴族的小屋.jpg
f3ed98efeb12,暴雨来临之前,Before the Storm,no_work_url_match_on_collection_pages,no_work_url_match_on_collection_pages,马章乘; 海阳,mazhangcheng.artron.net; haiyang.artron.net,https://mazhangcheng.artron.net/; https://haiyang.artron.net/works_index_1,filename,USED 07 artist_artron_mazhangcheng 10 artist_artron_haiyang,add pic/artist.artron.net/USED 07 artist_artron_mazhangcheng 10 artist_artron_haiyang/暴雨来临之前.jpg
60bbc823c06c,君子之风,Noble Virtue,no_work_url_match_on_collection_pages,no_work_url_match_on_collection_pages,马章乘,mazhangcheng.artron.net,https://mazhangcheng.artron.net/,filename,USED 07 artist_artron_mazhangcheng1-16,add pic/artist.artron.net/USED 07 artist_artron_mazhangcheng1-16/君子之风.jpg
fa877f8b0325,《荷塘追梦系列之八》,Pursuing Dreams in the Lotus Pond Series No. 8,no_work_url_match_on_collection_pages,no_work_url_match_on_collection_pages,铁心,tiexin.artron.net,https://tiexin.artron.net/,filename,USED 03artist_artron_tiexin,add pic/artist.artron.net/USED 03artist_artron_tiexin/《荷塘追梦系列之八》.jpg
9bd8813df63d,太行山下,Beneath the Taihang Mountains,no_work_url_match_on_collection_pages,no_work_url_match_on_collection_pages,戴泽,daize.artron.net,https://daize.artron.net/,filename,USED 08 artist_artron_daize1-5,add pic/artist.artron.net/USED 08 artist_artron_daize1-5/太行山下.jpg
a232f0ae3120,憧憬,Longing,no_work_url_match_on_collection_pages,no_work_url_match_on_collection_pages,韩玉臣,hanyuchen.artron.net,https://hanyuchen.artron.net/,filename,USED 04 artist_artron_hanyuchen,add pic/artist.artron.net/USED 04 artist_artron_hanyuchen/憧憬.jpg
4cfa5d634d89,沙坪坝,Shapingba,no_work_url_match_on_collection_pages,no_work_url_match_on_collection_pages,戴泽,daize.artron.net,https://daize.artron.net/,filename,USED 08 artist_artron_daize5-22,add pic/artist.artron.net/USED 08 artist_artron_daize5-22/沙坪坝.jpg
4affcc120492,休憩,Repose,no_work_url_match_on_collection_pages,no_work_url_match_on_collection_pages,韩玉臣,hanyuchen.artron.net,https://hanyuchen.artron.net/,filename,USED 04 artist_artron_hanyuchen,add pic/artist.artron.net/USED 04 artist_artron_hanyuchen/休憩.jpg
54ca36a15c14,艾中信先生,Mr. Ai Zhongxin,no_work_url_match_on_collection_pages,no_work_url_match_on_collection_pages,戴泽,daize.artron.net,https://daize.artron.net/,filename,USED 08 artist_artron_daize5-22,add pic/artist.artron.net/USED 08 artist_artron_daize5-22/艾中信先生.jpg
080e3d2b16d1,马兰村的小姑娘,The Little Girl from Malan Village,no_work_url_match_on_collection_pages,no_work_url_match_on_collection_pages,戴泽,daize.artron.net,https://daize.artron.net/,filename,USED 08 artist_artron_daize5-22,add pic/artist.artron.net/USED 08 artist_artron_daize5-22/马兰村的小姑娘.jpg
71262447b9c5,生活,Life,no_collection_url_available,source_collection_inferred_from_local_title,Awe Haiwe,artmajeur.com,https://www.artmajeur.com/awe-haiwe?view=grid&collections%5B%5D=2197639,translation_cache,10 Awe Haiwe,add pic/artmajeur.com/10 Awe Haiwe/_title_translation_cache.json
c19529de59b1,母爱(1),Maternal Love (1),no_work_url_match_on_collection_pages,no_work_url_match_on_collection_pages,苏大朝,artist.artron.net,https://artist.artron.net/artists23462/sale-0-0-0-1-1/,filename,USED 13 artist_artron_sudachao,add pic/artist.artron.net/USED 13 artist_artron_sudachao/母爱(1).jpg
ca42e95c3b3b,岁月悠悠,The Passage of Time,no_work_url_match_on_collection_pages,no_work_url_match_on_collection_pages,韩玉臣,hanyuchen.artron.net,https://hanyuchen.artron.net/,filename,USED 04 artist_artron_hanyuchen,add pic/artist.artron.net/USED 04 artist_artron_hanyuchen/岁月悠悠.jpg
074618c0df66,百丈飞泉,Hundred-Foot Waterfall,no_work_url_match_on_collection_pages,no_work_url_match_on_collection_pages,阿丁,ading.artron.net,https://ading.artron.net/,filename,USED 02artist_artron_ading,add pic/artist.artron.net/USED 02artist_artron_ading/百丈飞泉.jpg
9b6d4abbdc6d,秋收,Autumn Harvest,no_work_url_match_on_collection_pages,no_work_url_match_on_collection_pages,戴泽,daize.artron.net,https://daize.artron.net/,filename,USED 08 artist_artron_daize1-5,add pic/artist.artron.net/USED 08 artist_artron_daize1-5/秋收.jpg
2b70b23d92f2,《苍穹》,Firmament,no_work_url_match_on_collection_pages,no_work_url_match_on_collection_pages,黄建南,huangjiannan.artron.net,https://huangjiannan.artron.net/works_index_21,filename,USED 23 artist_artron_黄建南,add pic/artist.artron.net/USED 23 artist_artron_黄建南/《苍穹》.jpg
021ccbdcfcdc,《有格调》,Sophisticated,no_work_url_match_on_collection_pages,no_work_url_match_on_collection_pages,黄建南,huangjiannan.artron.net,https://huangjiannan.artron.net/works_index_21,filename,USED 23 artist_artron_黄建南,add pic/artist.artron.net/USED 23 artist_artron_黄建南/《有格调》.jpg
72a078c649f4,南尼巴,Nanny Bar,no_collection_url_available,source_collection_inferred_from_local_title,Awe Haiwe,artmajeur.com,https://www.artmajeur.com/awe-haiwe?view=grid&collections%5B%5D=2197639,translation_cache,10 Awe Haiwe,add pic/artmajeur.com/10 Awe Haiwe/_title_translation_cache.json
8e6c65fee62a,兰心如君子,Orchid Heart Like a Gentleman,no_work_url_match_on_collection_pages,no_work_url_match_on_collection_pages,马章乘,mazhangcheng.artron.net,https://mazhangcheng.artron.net/,filename,USED 07 artist_artron_mazhangcheng1-16,add pic/artist.artron.net/USED 07 artist_artron_mazhangcheng1-16/兰心如君子.jpg
b8c12223ba60,松江水镇,Songjiang Water Town,no_work_url_match_on_collection_pages,no_work_url_match_on_collection_pages,戴泽,daize.artron.net,https://daize.artron.net/,filename,USED 08 artist_artron_daize5-22,add pic/artist.artron.net/USED 08 artist_artron_daize5-22/松江水镇.jpg
86f653917ec2,成都青羊宫茶馆,"Teahouse at Qingyang Palace, Chengdu",no_work_url_match_on_collection_pages,no_work_url_match_on_collection_pages,戴泽,daize.artron.net,https://daize.artron.net/,filename,USED 08 artist_artron_daize5-22,add pic/artist.artron.net/USED 08 artist_artron_daize5-22/成都青羊宫茶馆.jpg
8b92b6d285f6,慈祥,Kindness,no_work_url_match_on_collection_pages,no_work_url_match_on_collection_pages,韩玉臣,hanyuchen.artron.net,https://hanyuchen.artron.net/,filename,USED 04 artist_artron_hanyuchen,add pic/artist.artron.net/USED 04 artist_artron_hanyuchen/慈祥.jpg
6b7d864c888e,山中隐者,Hermit in the Mountains,no_work_url_match_on_collection_pages,no_work_url_match_on_collection_pages,岳敏君,yueminjun.artron.net,https://yueminjun.artron.net/,filename,USED 09 artist_artron_yueminjun,add pic/artist.artron.net/USED 09 artist_artron_yueminjun/山中隐者.jpg
893aad54af49,炊烟倒入船,Smoke Pours into the Boat,no_work_url_match_on_collection_pages,no_work_url_match_on_collection_pages,管朴学,guanpuxue.artron.net,https://guanpuxue.artron.net/,filename,USED 05 artist_artron_guanpuxue,add pic/artist.artron.net/USED 05 artist_artron_guanpuxue/炊烟倒入船.jpg
df7b2dba5cdd,太庙,Imperial Ancestral Temple,no_work_url_match_on_collection_pages,no_work_url_match_on_collection_pages,戴泽,daize.artron.net,https://daize.artron.net/,filename,USED 08 artist_artron_daize5-22,add pic/artist.artron.net/USED 08 artist_artron_daize5-22/太庙.jpg
8551ae7f80f7,亿万恩典拯救世界,Billions of Graces Save the World,no_collection_url_available,source_collection_inferred_from_local_title,Dags Vidulejs,artmajeur.com,https://www.artmajeur.com/dags-vidulejs?view=grid&collections%5B%5D=2194390,translation_cache,USED 26 Dags Vidulejs,add pic/artmajeur.com/USED 26 Dags Vidulejs/_title_translation_cache.json
1ab9ad174c36,《大地歌谣》,Ode to the Earth,no_work_url_match_on_collection_pages,no_work_url_match_on_collection_pages,黄建南,huangjiannan.artron.net,https://huangjiannan.artron.net/works_index_21,filename,USED 23 artist_artron_黄建南,add pic/artist.artron.net/USED 23 artist_artron_黄建南/《大地歌谣》.jpg
814713f5d813,竹石相依,Bamboo and Rock Harmony,no_work_url_match_on_collection_pages,no_work_url_match_on_collection_pages,马章乘,mazhangcheng.artron.net,https://mazhangcheng.artron.net/,filename,USED 07 artist_artron_mazhangcheng1-16,add pic/artist.artron.net/USED 07 artist_artron_mazhangcheng1-16/竹石相依.jpg
aadc301ec51c,景山,Scenic Mountain,no_work_url_match_on_collection_pages,no_work_url_match_on_collection_pages,戴泽,daize.artron.net,https://daize.artron.net/,filename,USED 08 artist_artron_daize5-22,add pic/artist.artron.net/USED 08 artist_artron_daize5-22/景山.jpg
7c5ed693e0b8,《奇异空间》,Strange Space,no_work_url_match_on_collection_pages,no_work_url_match_on_collection_pages,黄建南,huangjiannan.artron.net,https://huangjiannan.artron.net/works_index_21,filename,USED 23 artist_artron_黄建南,add pic/artist.artron.net/USED 23 artist_artron_黄建南/《奇异空间》.jpg
1b07328324b1,路漫漫,Long Journey,no_work_url_match_on_collection_pages,no_work_url_match_on_collection_pages,韩玉臣,hanyuchen.artron.net,https://hanyuchen.artron.net/,filename,USED 04 artist_artron_hanyuchen,add pic/artist.artron.net/USED 04 artist_artron_hanyuchen/路漫漫.jpg
91f50c23fc2f,夜晚的紫,Purple Night,no_work_url_match_on_collection_pages,no_work_url_match_on_collection_pages,戴泽,daize.artron.net,https://daize.artron.net/,filename,USED 08 artist_artron_daize5-22,add pic/artist.artron.net/USED 08 artist_artron_daize5-22/夜晚的紫.jpg
70f76e38d988,扬帆远航,Setting Sail,no_work_url_match_on_collection_pages,no_work_url_match_on_collection_pages,马章乘,mazhangcheng.artron.net,https://mazhangcheng.artron.net/,filename,USED 07 artist_artron_mazhangcheng1-16,add pic/artist.artron.net/USED 07 artist_artron_mazhangcheng1-16/扬帆远航.jpg
4f56f0d1a737,别有天地,Another World,no_work_url_match_on_collection_pages,no_work_url_match_on_collection_pages,阿丁,ading.artron.net,https://ading.artron.net/,filename,USED 02artist_artron_ading,add pic/artist.artron.net/USED 02artist_artron_ading/别有天地.jpg
385c5d207b62,海阔天空,Boundless Sky,no_work_url_match_on_collection_pages,no_work_url_match_on_collection_pages,戴泽,daize.artron.net,https://daize.artron.net/,filename,USED 08 artist_artron_daize1-5,add pic/artist.artron.net/USED 08 artist_artron_daize1-5/海阔天空.jpg
a211e992d223,人生的思考,Reflections on Life,no_work_url_match_on_collection_pages,no_work_url_match_on_collection_pages,马章乘; 海阳,mazhangcheng.artron.net; haiyang.artron.net,https://mazhangcheng.artron.net/; https://haiyang.artron.net/works_index_1,filename,USED 07 artist_artron_mazhangcheng 10 artist_artron_haiyang,add pic/artist.artron.net/USED 07 artist_artron_mazhangcheng 10 artist_artron_haiyang/人生的思考.jpg
f586cfcc206e,夜色（黑龙江畔）,Nightscape (Banks of the Heilongjiang),no_work_url_match_on_collection_pages,no_work_url_match_on_collection_pages,戴泽,daize.artron.net,https://daize.artron.net/,filename,USED 08 artist_artron_daize5-22,add pic/artist.artron.net/USED 08 artist_artron_daize5-22/夜色（黑龙江畔）.jpg
4672188789a7,哈尔滨街头,Harbin Streets,no_work_url_match_on_collection_pages,no_work_url_match_on_collection_pages,戴泽,daize.artron.net,https://daize.artron.net/,filename,USED 08 artist_artron_daize5-22,add pic/artist.artron.net/USED 08 artist_artron_daize5-22/哈尔滨街头.jpg
eab52362c481,王家坪,Wangjiaping,no_work_url_match_on_collection_pages,no_work_url_match_on_collection_pages,戴泽,daize.artron.net,https://daize.artron.net/,filename,USED 08 artist_artron_daize5-22,add pic/artist.artron.net/USED 08 artist_artron_daize5-22/王家坪.jpg
b116e801f0aa,呼吉野的家,Home of Yoshino,no_work_url_match_on_collection_pages,no_work_url_match_on_collection_pages,马章乘; 海阳,mazhangcheng.artron.net; haiyang.artron.net,https://mazhangcheng.artron.net/; https://haiyang.artron.net/works_index_1,filename,USED 07 artist_artron_mazhangcheng 10 artist_artron_haiyang,add pic/artist.artron.net/USED 07 artist_artron_mazhangcheng 10 artist_artron_haiyang/呼吉野的家.jpg
8d8a52eda4c8,东坡游春图,Dongpo's Spring Outing Painting,no_work_url_match_on_collection_pages,no_work_url_match_on_collection_pages,阿丁,ading.artron.net,https://ading.artron.net/,filename,USED 02artist_artron_ading,add pic/artist.artron.net/USED 02artist_artron_ading/东坡游春图.jpg
5424c12442b9,德格牧人家,Home of the Dege Shepherds,no_work_url_match_on_collection_pages,no_work_url_match_on_collection_pages,韩玉臣,hanyuchen.artron.net,https://hanyuchen.artron.net/,filename,USED 04 artist_artron_hanyuchen,add pic/artist.artron.net/USED 04 artist_artron_hanyuchen/德格牧人家.jpg
646eedf4686c,青藤书屋,Green Vine Study,no_work_url_match_on_collection_pages,no_work_url_match_on_collection_pages,戴泽,daize.artron.net,https://daize.artron.net/,filename,USED 08 artist_artron_daize5-22,add pic/artist.artron.net/USED 08 artist_artron_daize5-22/青藤书屋.jpg
87cb06976dd9,好山好水好风光,Beautiful Scenery,no_work_url_match_on_collection_pages,no_work_url_match_on_collection_pages,黄建南,huangjiannan.artron.net,https://huangjiannan.artron.net/works_index_21,filename,USED 23 artist_artron_黄建南,add pic/artist.artron.net/USED 23 artist_artron_黄建南/好山好水好风光.jpg
ba50703eec4d,玉树哈秀的野兔,Jade Tree Hare,no_work_url_match_on_collection_pages,no_work_url_match_on_collection_pages,戴泽,daize.artron.net,https://daize.artron.net/,filename,USED 08 artist_artron_daize5-22,add pic/artist.artron.net/USED 08 artist_artron_daize5-22/玉树哈秀的野兔.jpg
913dcae8baba,拉萨街头,Streets of Lhasa,no_work_url_match_on_collection_pages,no_work_url_match_on_collection_pages,戴泽,daize.artron.net,https://daize.artron.net/,filename,USED 08 artist_artron_daize5-22,add pic/artist.artron.net/USED 08 artist_artron_daize5-22/拉萨街头.jpg
5f8e665a317d,麦积山,Maijishan,no_work_url_match_on_collection_pages,no_work_url_match_on_collection_pages,戴泽,daize.artron.net,https://daize.artron.net/,filename,USED 08 artist_artron_daize5-22,add pic/artist.artron.net/USED 08 artist_artron_daize5-22/麦积山.jpg
7555e5463b0c,播种,Sowing,no_work_url_match_on_collection_pages,no_work_url_match_on_collection_pages,戴泽,daize.artron.net,https://daize.artron.net/,filename,USED 08 artist_artron_daize5-22,add pic/artist.artron.net/USED 08 artist_artron_daize5-22/播种.jpg
2fbe3007a8eb,《如梦似幻》,Dreamlike Illusion,no_work_url_match_on_collection_pages,no_work_url_match_on_collection_pages,黄建南,huangjiannan.artron.net,https://huangjiannan.artron.net/works_index_21,filename,USED 23 artist_artron_黄建南,add pic/artist.artron.net/USED 23 artist_artron_黄建南/《如梦似幻》.jpg
2ba6937a648a,舍弃,Abandonment,no_work_url_match_on_collection_pages,no_work_url_match_on_collection_pages,岳敏君,yueminjun.artron.net,https://yueminjun.artron.net/,filename,USED 09 artist_artron_yueminjun,add pic/artist.artron.net/USED 09 artist_artron_yueminjun/舍弃.jpg
e0e97436525c,《举头三尺有神明》,"Three Feet Above, the Gods Observe",no_work_url_match_on_collection_pages,no_work_url_match_on_collection_pages,黄建南,huangjiannan.artron.net,https://huangjiannan.artron.net/works_index_21,filename,USED 23 artist_artron_黄建南,add pic/artist.artron.net/USED 23 artist_artron_黄建南/《举头三尺有神明》.jpg
e0d4ac4604b9,白荷,White Lotus,no_work_url_match_on_collection_pages,no_work_url_match_on_collection_pages,管朴学,guanpuxue.artron.net,https://guanpuxue.artron.net/,filename,USED 05 artist_artron_guanpuxue,add pic/artist.artron.net/USED 05 artist_artron_guanpuxue/白荷.jpg
15b49eba10c4,孩子,Child,no_collection_url_available,source_collection_inferred_from_local_title,Awe Haiwe,artmajeur.com,https://www.artmajeur.com/awe-haiwe?view=grid&collections%5B%5D=2197639,translation_cache,10 Awe Haiwe,add pic/artmajeur.com/10 Awe Haiwe/_title_translation_cache.json
58aefb5b0adb,生命之水,Water of Life,no_work_url_match_on_collection_pages,no_work_url_match_on_collection_pages,戴泽,daize.artron.net,https://daize.artron.net/,filename,USED 08 artist_artron_daize1-5,add pic/artist.artron.net/USED 08 artist_artron_daize1-5/生命之水.jpg
340c9bab3126,《生命密码》,Life Code,no_work_url_match_on_collection_pages,no_work_url_match_on_collection_pages,黄建南,huangjiannan.artron.net,https://huangjiannan.artron.net/works_index_21,filename,USED 23 artist_artron_黄建南,add pic/artist.artron.net/USED 23 artist_artron_黄建南/《生命密码》.jpg
949c8e718b2a,数字战争,Digital War,no_collection_url_available,source_collection_inferred_from_local_title,Shepard Fairey,artmajeur.com,https://www.artmajeur.com/obey-shepard-fairey,translation_cache,11 Shepard Fairey,add pic/artmajeur.com/11 Shepard Fairey/_title_translation_cache.json
1446e96743ef,寒山暖阳,"Cold Mountain, Warm Sun",no_work_url_match_on_collection_pages,no_work_url_match_on_collection_pages,管朴学,guanpuxue.artron.net,https://guanpuxue.artron.net/,filename,USED 05 artist_artron_guanpuxue,add pic/artist.artron.net/USED 05 artist_artron_guanpuxue/寒山暖阳.jpg
279e5c21ae3e,白牡丹,White Peony,no_work_url_match_on_collection_pages,no_work_url_match_on_collection_pages,管朴学,guanpuxue.artron.net,https://guanpuxue.artron.net/,filename,USED 05 artist_artron_guanpuxue,add pic/artist.artron.net/USED 05 artist_artron_guanpuxue/白牡丹.jpg
bcbe8c65a6bf,时光,Time,no_work_url_match_on_collection_pages,no_work_url_match_on_collection_pages,戴泽,daize.artron.net,https://daize.artron.net/,filename,USED 08 artist_artron_daize5-22,add pic/artist.artron.net/USED 08 artist_artron_daize5-22/时光.jpg
f3251ed259cd,从大鱼岛出发,Departing from Big Fish Island,no_work_url_match_on_collection_pages,no_work_url_match_on_collection_pages,戴泽,daize.artron.net,https://daize.artron.net/,filename,USED 08 artist_artron_daize1-5,add pic/artist.artron.net/USED 08 artist_artron_daize1-5/从大鱼岛出发.jpg
a7f82c4a070a,老工人,Old Worker,no_work_url_match_on_collection_pages,no_work_url_match_on_collection_pages,戴泽,daize.artron.net,https://daize.artron.net/,filename,USED 08 artist_artron_daize5-22,add pic/artist.artron.net/USED 08 artist_artron_daize5-22/老工人.jpg
b7b81ddca3a5,圣水洗涤,Holy Water Cleansing,no_work_url_match_on_collection_pages,no_work_url_match_on_collection_pages,韩玉臣,hanyuchen.artron.net,https://hanyuchen.artron.net/,filename,USED 04 artist_artron_hanyuchen,add pic/artist.artron.net/USED 04 artist_artron_hanyuchen/圣水洗涤.jpg
3c9de05cf444,《秘异空间》,Secret Space,no_work_url_match_on_collection_pages,no_work_url_match_on_collection_pages,黄建南,huangjiannan.artron.net,https://huangjiannan.artron.net/works_index_21,filename,USED 23 artist_artron_黄建南,add pic/artist.artron.net/USED 23 artist_artron_黄建南/《秘异空间》.jpg
de3803386951,遥远的孩子,Distant Child,no_collection_url_available,source_collection_inferred_from_local_title,Oluwapelumi Olaosun,artmajeur.com,https://www.artmajeur.com/oluwapelumi-olaosun?view=grid&collections%5B%5D=2301889,translation_cache,USED 01 Oluwapelumi Olaosun,add pic/artmajeur.com/USED 01 Oluwapelumi Olaosun/_title_translation_cache.json
f899ee99ca43,风景这边独好,The Scenery Here Is Uniquely Beautiful,no_work_url_match_on_collection_pages,no_work_url_match_on_collection_pages,黄建南,huangjiannan.artron.net,https://huangjiannan.artron.net/works_index_21,filename,USED 23 artist_artron_黄建南,add pic/artist.artron.net/USED 23 artist_artron_黄建南/风景这边独好.jpg
7aaac1e1c8c4,洗礼归来,Baptism Return,no_work_url_match_on_collection_pages,no_work_url_match_on_collection_pages,韩玉臣,hanyuchen.artron.net,https://hanyuchen.artron.net/,filename,USED 04 artist_artron_hanyuchen,add pic/artist.artron.net/USED 04 artist_artron_hanyuchen/洗礼归来.jpg
e5ed6f14235a,月是故乡明,The Moon Shines Brighter in My Hometown,no_work_url_match_on_collection_pages,no_work_url_match_on_collection_pages,陈可之,chenkezhi.artron.net,https://chenkezhi.artron.net/works_index_1,filename,18 artist_artistweb_陈可之,add pic/artist.artron.net/18 artist_artistweb_陈可之/月是故乡明.jpg
185461e8cdb2,玛曲街景,Street Scene in Maqu,no_work_url_match_on_collection_pages,no_work_url_match_on_collection_pages,韩玉臣,hanyuchen.artron.net,https://hanyuchen.artron.net/,filename,USED 04 artist_artron_hanyuchen,add pic/artist.artron.net/USED 04 artist_artron_hanyuchen/玛曲街景.jpg
e6b6b08832f1,村口的小白马,Little White Horse at the Village Entrance,no_work_url_match_on_collection_pages,no_work_url_match_on_collection_pages,马章乘; 海阳,mazhangcheng.artron.net; haiyang.artron.net,https://mazhangcheng.artron.net/; https://haiyang.artron.net/works_index_1,filename,USED 07 artist_artron_mazhangcheng 10 artist_artron_haiyang,add pic/artist.artron.net/USED 07 artist_artron_mazhangcheng 10 artist_artron_haiyang/村口的小白马.jpg
