item_id,hash_match_status,candidate_count,candidate_artists,candidate_domains,candidate_urls,candidate_titles
45a7366dd41a,no_exact_file_hash_match,0,,,,
280f3c27a098,no_exact_file_hash_match,0,,,,
0d5166aa8c12,no_exact_file_hash_match,0,,,,
70c32c033765,no_exact_file_hash_match,0,,,,
1032c94dc26c,no_exact_file_hash_match,0,,,,
d8eec78542df,no_exact_file_hash_match,0,,,,
900aa74ff476,no_exact_file_hash_match,0,,,,
ec9727dc1caf,no_exact_file_hash_match,0,,,,
ffd8d1668aa7,no_exact_file_hash_match,0,,,,
49d08e279c77,no_exact_file_hash_match,0,,,,
01d0c51f3d96,no_exact_file_hash_match,0,,,,
4922f64f7b32,no_exact_file_hash_match,0,,,,
9e8f13c0ad90,no_exact_file_hash_match,0,,,,
7a495437dea8,no_exact_file_hash_match,0,,,,
438b3376f646,no_exact_file_hash_match,0,,,,
40fe75077c7b,no_exact_file_hash_match,0,,,,
817c85485534,no_exact_file_hash_match,0,,,,
113768c9c7f6,no_exact_file_hash_match,0,,,,
7d189d6c0f1a,no_exact_file_hash_match,0,,,,
bd744b0b6982,no_exact_file_hash_match,0,,,,
3c4d26a24330,no_exact_file_hash_match,0,,,,
ab36ee798527,no_exact_file_hash_match,0,,,,
b231b28e9379,no_exact_file_hash_match,0,,,,
69de4e9b33ec,no_exact_file_hash_match,0,,,,
ad055fc89458,no_exact_file_hash_match,0,,,,
954c5208a895,no_exact_file_hash_match,0,,,,
b241cd2b4f65,no_exact_file_hash_match,0,,,,
d54cb4df8208,no_exact_file_hash_match,0,,,,
4005c06befe7,no_exact_file_hash_match,0,,,,
0303fa35c506,no_exact_file_hash_match,0,,,,
7c15216a356d,no_exact_file_hash_match,0,,,,
1bb7b3f48b7b,no_exact_file_hash_match,0,,,,
b50f282ba6de,no_exact_file_hash_match,0,,,,
cdebdedbba2b,no_exact_file_hash_match,0,,,,
ffd061445b8d,no_exact_file_hash_match,0,,,,
faa3326226b8,no_exact_file_hash_match,0,,,,
38ba9f1aa8e4,no_exact_file_hash_match,0,,,,
40e216c47afa,no_exact_file_hash_match,0,,,,
377ffc885c72,no_exact_file_hash_match,0,,,,
b08a77016f53,no_exact_file_hash_match,0,,,,
ec9fddf3dd86,no_exact_file_hash_match,0,,,,
ee4610588f3f,no_exact_file_hash_match,0,,,,
5f11912239eb,no_exact_file_hash_match,0,,,,
51b28e1848fc,no_exact_file_hash_match,0,,,,
9d7e20c0637e,no_exact_file_hash_match,0,,,,
63700d00e7bc,no_exact_file_hash_match,0,,,,
eceb28d72fd4,no_exact_file_hash_match,0,,,,
4d1a84a7a0d3,no_exact_file_hash_match,0,,,,
acd801e7b120,no_exact_file_hash_match,0,,,,
9b845b101b5f,no_exact_file_hash_match,0,,,,
73991c17113e,no_exact_file_hash_match,0,,,,
78c5df210341,no_exact_file_hash_match,0,,,,
2acd084564cc,no_exact_file_hash_match,0,,,,
e2a7d995adb0,no_exact_file_hash_match,0,,,,
53f58f163b21,no_exact_file_hash_match,0,,,,
33a514e2e078,no_exact_file_hash_match,0,,,,
9b485248182d,no_exact_file_hash_match,0,,,,
da62c0a19ce8,no_exact_file_hash_match,0,,,,
7e6096767b83,no_exact_file_hash_match,0,,,,
c66e94da3f40,no_exact_file_hash_match,0,,,,
2459c8d5cb74,no_exact_file_hash_match,0,,,,
6e2fe2c082f1,no_exact_file_hash_match,0,,,,
1d2dc99906a8,no_exact_file_hash_match,0,,,,
df732c4410e3,no_exact_file_hash_match,0,,,,
ff377c0bca2d,no_exact_file_hash_match,0,,,,
5721636792b3,no_exact_file_hash_match,0,,,,
3bf941aeddac,no_exact_file_hash_match,0,,,,
b7a79ddaff63,no_exact_file_hash_match,0,,,,
63d8f42527b0,no_exact_file_hash_match,0,,,,
e20f640cb640,no_exact_file_hash_match,0,,,,
9331e1ff3566,no_exact_file_hash_match,0,,,,
a79ff7013cd8,no_exact_file_hash_match,0,,,,
b17675cc0db9,no_exact_file_hash_match,0,,,,
73ffe2c58df2,no_exact_file_hash_match,0,,,,
b8e6b93cca53,no_exact_file_hash_match,0,,,,
d967704a5a81,no_exact_file_hash_match,0,,,,
0d13932ce80b,no_exact_file_hash_match,0,,,,
ad6225cb3b55,no_exact_file_hash_match,0,,,,
886d55758537,no_exact_file_hash_match,0,,,,
0c4618751279,no_exact_file_hash_match,0,,,,
7135699f8c2c,no_exact_file_hash_match,0,,,,
79ea08d6c654,no_exact_file_hash_match,0,,,,
bd8854389702,no_exact_file_hash_match,0,,,,
297676566b29,no_exact_file_hash_match,0,,,,
0aa1912a9d55,no_exact_file_hash_match,0,,,,
f5d6ddef0a0f,no_exact_file_hash_match,0,,,,
67a73d88fff6,no_exact_file_hash_match,0,,,,
9d1567dbc357,no_exact_file_hash_match,0,,,,
46f42ba64835,no_exact_file_hash_match,0,,,,
9c7819d47c8a,no_exact_file_hash_match,0,,,,
55fc7242b742,no_exact_file_hash_match,0,,,,
973d4c876c05,no_exact_file_hash_match,0,,,,
a49a0ae8afb3,no_exact_file_hash_match,0,,,,
568cc7cdc478,no_exact_file_hash_match,0,,,,
a677adff2798,no_exact_file_hash_match,0,,,,
346e12a14b8c,no_exact_file_hash_match,0,,,,
418d386d3c7f,no_exact_file_hash_match,0,,,,
9d602bffd5f2,no_exact_file_hash_match,0,,,,
1d761e9323fc,no_exact_file_hash_match,0,,,,
6af04c4ce356,no_exact_file_hash_match,0,,,,
f4f9ac223836,no_exact_file_hash_match,0,,,,
339520abb056,no_exact_file_hash_match,0,,,,
18028c2b7b7e,no_exact_file_hash_match,0,,,,
35eb9ca69596,no_exact_file_hash_match,0,,,,
523e1fe9c615,no_exact_file_hash_match,0,,,,
14791f349980,no_exact_file_hash_match,0,,,,
971645a03a25,no_exact_file_hash_match,0,,,,
8fa40a09a8c2,no_exact_file_hash_match,0,,,,
87f2c69f311e,no_exact_file_hash_match,0,,,,
659033ea8e11,no_exact_file_hash_match,0,,,,
676e92cd763f,no_exact_file_hash_match,0,,,,
fd32fb776339,no_exact_file_hash_match,0,,,,
7ccbf4d30534,no_exact_file_hash_match,0,,,,
023fc36cae8b,no_exact_file_hash_match,0,,,,
08531ba6cd16,no_exact_file_hash_match,0,,,,
6d8969f1935f,no_exact_file_hash_match,0,,,,
a0b6a4908570,no_exact_file_hash_match,0,,,,
a4fcd8aa1030,no_exact_file_hash_match,0,,,,
93f86765442d,no_exact_file_hash_match,0,,,,
012fd97b40ea,no_exact_file_hash_match,0,,,,
5f906544042d,no_exact_file_hash_match,0,,,,
70f4e0a0d4dc,no_exact_file_hash_match,0,,,,
b080faf81093,no_exact_file_hash_match,0,,,,
806581147a18,no_exact_file_hash_match,0,,,,
b86ef5c6fdf9,no_exact_file_hash_match,0,,,,
f75c28d0cbee,no_exact_file_hash_match,0,,,,
f86f7f65b5a8,no_exact_file_hash_match,0,,,,
1312bd181e76,no_exact_file_hash_match,0,,,,
8504dfc707f1,no_exact_file_hash_match,0,,,,
47a1671704bf,no_exact_file_hash_match,0,,,,
cd180a38fc7a,no_exact_file_hash_match,0,,,,
21542c5ac543,no_exact_file_hash_match,0,,,,
24d60792ad18,no_exact_file_hash_match,0,,,,
8754b997a1bf,no_exact_file_hash_match,0,,,,
f28e323f6f07,no_exact_file_hash_match,0,,,,
08455cf1eb43,no_exact_file_hash_match,0,,,,
c10ed07770f8,no_exact_file_hash_match,0,,,,
9a2d71facbfa,no_exact_file_hash_match,0,,,,
3dc81be3aee9,no_exact_file_hash_match,0,,,,
c915ae732262,no_exact_file_hash_match,0,,,,
95a4e412b22a,no_exact_file_hash_match,0,,,,
4c8e20323835,no_exact_file_hash_match,0,,,,
14b6eeb1d5ce,no_exact_file_hash_match,0,,,,
b7f9d3683c2b,no_exact_file_hash_match,0,,,,
4c717b62cd99,no_exact_file_hash_match,0,,,,
2910b3ec4bea,no_exact_file_hash_match,0,,,,
2a90047f5f30,no_exact_file_hash_match,0,,,,
f42bae375c68,no_exact_file_hash_match,0,,,,
82dae97f1718,no_exact_file_hash_match,0,,,,
6c5787c90201,no_exact_file_hash_match,0,,,,
54be9e80c788,no_exact_file_hash_match,0,,,,
0c006cf8053d,no_exact_file_hash_match,0,,,,
1e1fac09ec6a,no_exact_file_hash_match,0,,,,
af6b433a0636,no_exact_file_hash_match,0,,,,
46c292c90935,no_exact_file_hash_match,0,,,,
5015332e0585,no_exact_file_hash_match,0,,,,
5896eae191c8,no_exact_file_hash_match,0,,,,
81f21b9d1214,no_exact_file_hash_match,0,,,,
776b4845431b,no_exact_file_hash_match,0,,,,
e0001cbfcf57,no_exact_file_hash_match,0,,,,
1278288f5df4,no_exact_file_hash_match,0,,,,
4aab7939c10d,no_exact_file_hash_match,0,,,,
cb818bb33886,no_exact_file_hash_match,0,,,,
a07976bbfe5f,no_exact_file_hash_match,0,,,,
dbec299f61c3,no_exact_file_hash_match,0,,,,
2bb48deea443,no_exact_file_hash_match,0,,,,
0b2b92989712,no_exact_file_hash_match,0,,,,
01252760995f,no_exact_file_hash_match,0,,,,
184be999791b,no_exact_file_hash_match,0,,,,
b661535ffe1b,no_exact_file_hash_match,0,,,,
b29fc468059d,no_exact_file_hash_match,0,,,,
df6fef0c8fff,no_exact_file_hash_match,0,,,,
cf52f1ad0b48,no_exact_file_hash_match,0,,,,
dd385488dbc1,no_exact_file_hash_match,0,,,,
429f6fb5a363,no_exact_file_hash_match,0,,,,
eb4303a8bb3c,no_exact_file_hash_match,0,,,,
e28f63fde1bf,no_exact_file_hash_match,0,,,,
5c21137058dc,no_exact_file_hash_match,0,,,,
df934ec0cfa8,no_exact_file_hash_match,0,,,,
4e22cb6f04b9,no_exact_file_hash_match,0,,,,
42dbb4c4a1c4,no_exact_file_hash_match,0,,,,
c288e629c7a8,no_exact_file_hash_match,0,,,,
b6c2cdc191a6,no_exact_file_hash_match,0,,,,
2a946166afb9,no_exact_file_hash_match,0,,,,
2a288cf75bb4,no_exact_file_hash_match,0,,,,
0240c1cfde86,no_exact_file_hash_match,0,,,,
01cf68b3e4d7,no_exact_file_hash_match,0,,,,
f4a566d593e1,no_exact_file_hash_match,0,,,,
2f0f3f900c84,no_exact_file_hash_match,0,,,,
1dc4834b94cd,no_exact_file_hash_match,0,,,,
7bb2674c7d1b,no_exact_file_hash_match,0,,,,
8e790c84a78b,no_exact_file_hash_match,0,,,,
19b681c2ab3c,no_exact_file_hash_match,0,,,,
be9bef105d82,no_exact_file_hash_match,0,,,,
0b65f4c5efb7,no_exact_file_hash_match,0,,,,
aa04d3a59666,no_exact_file_hash_match,0,,,,
3a775e620d08,no_exact_file_hash_match,0,,,,
7abd4bc6b427,no_exact_file_hash_match,0,,,,
0c4c376fd752,no_exact_file_hash_match,0,,,,
a00325882fb9,no_exact_file_hash_match,0,,,,
4c25ac9780ad,no_exact_file_hash_match,0,,,,
515a5b3133a9,no_exact_file_hash_match,0,,,,
e12380e35ca6,no_exact_file_hash_match,0,,,,
21b748333617,no_exact_file_hash_match,0,,,,
24ba661732cd,no_exact_file_hash_match,0,,,,
7ebd9e449369,no_exact_file_hash_match,0,,,,
ea48b59e8c1c,no_exact_file_hash_match,0,,,,
279901b23290,no_exact_file_hash_match,0,,,,
6906596220e0,no_exact_file_hash_match,0,,,,
24fdad87bf82,no_exact_file_hash_match,0,,,,
438a768615a3,no_exact_file_hash_match,0,,,,
2a77f41f7618,no_exact_file_hash_match,0,,,,
a8132cc930c9,no_exact_file_hash_match,0,,,,
37c03019096a,no_exact_file_hash_match,0,,,,
3714cb01b381,no_exact_file_hash_match,0,,,,
4e8cf82d22dd,no_exact_file_hash_match,0,,,,
b38ea6b2f3f9,no_exact_file_hash_match,0,,,,
08c6e2d550ba,no_exact_file_hash_match,0,,,,
ef298d42dcb3,no_exact_file_hash_match,0,,,,
690091d15403,no_exact_file_hash_match,0,,,,
2e127cc1741f,no_exact_file_hash_match,0,,,,
242613ff3ffe,no_exact_file_hash_match,0,,,,
70b2a8615a4b,no_exact_file_hash_match,0,,,,
bd2e9a0420fb,no_exact_file_hash_match,0,,,,
9b45ce47e3a3,no_exact_file_hash_match,0,,,,
24f730159543,no_exact_file_hash_match,0,,,,
25e948ee6e29,no_exact_file_hash_match,0,,,,
c31d55b83053,no_exact_file_hash_match,0,,,,
ae3fa8bc7708,no_exact_file_hash_match,0,,,,
edc0c121e913,no_exact_file_hash_match,0,,,,
221db885cfc0,no_exact_file_hash_match,0,,,,
187d0f33837e,no_exact_file_hash_match,0,,,,
4742f89b46a4,no_exact_file_hash_match,0,,,,
2ebc385753bb,no_exact_file_hash_match,0,,,,
ea18ed368692,no_exact_file_hash_match,0,,,,
54820674c2de,no_exact_file_hash_match,0,,,,
d11570f99aea,no_exact_file_hash_match,0,,,,
8ca1fe82e404,no_exact_file_hash_match,0,,,,
d1d1cc8a6540,no_exact_file_hash_match,0,,,,
0e42106d4e5d,no_exact_file_hash_match,0,,,,
c49334837975,no_exact_file_hash_match,0,,,,
f3274e0cb018,no_exact_file_hash_match,0,,,,
aafc679bb369,no_exact_file_hash_match,0,,,,
55552ff4cf01,no_exact_file_hash_match,0,,,,
824073da84f8,no_exact_file_hash_match,0,,,,
fbb6afb33008,no_exact_file_hash_match,0,,,,
cdc74335c731,no_exact_file_hash_match,0,,,,
feb7cc752aeb,no_exact_file_hash_match,0,,,,
e8a22fc271c3,no_exact_file_hash_match,0,,,,
26e786725d68,no_exact_file_hash_match,0,,,,
6e4f70e87e2a,no_exact_file_hash_match,0,,,,
698916fa730e,no_exact_file_hash_match,0,,,,
0b504a914864,no_exact_file_hash_match,0,,,,
49491744a221,no_exact_file_hash_match,0,,,,
b6a9dd8b160d,no_exact_file_hash_match,0,,,,
46a9f9cc9b63,no_exact_file_hash_match,0,,,,
bce662082939,no_exact_file_hash_match,0,,,,
63f27c874c93,no_exact_file_hash_match,0,,,,
55f16309af16,no_exact_file_hash_match,0,,,,
f1968e5f13bd,no_exact_file_hash_match,0,,,,
be09a41ed56d,no_exact_file_hash_match,0,,,,
81f6410d0bc7,no_exact_file_hash_match,0,,,,
44b1f11fdaae,no_exact_file_hash_match,0,,,,
4740a2f42eaa,no_exact_file_hash_match,0,,,,
5ddc1f67ecc3,no_exact_file_hash_match,0,,,,
315a945823c3,no_exact_file_hash_match,0,,,,
3d0784449964,no_exact_file_hash_match,0,,,,
5cc9e4ef008b,no_exact_file_hash_match,0,,,,
a2cddf0e6eeb,no_exact_file_hash_match,0,,,,
ae1f62637d2b,no_exact_file_hash_match,0,,,,
27f70741ed56,no_exact_file_hash_match,0,,,,
b7968aedadc5,no_exact_file_hash_match,0,,,,
b83d22c85cbc,no_exact_file_hash_match,0,,,,
6321cf36a06c,no_exact_file_hash_match,0,,,,
87616f06a1b7,no_exact_file_hash_match,0,,,,
a033b6741022,no_exact_file_hash_match,0,,,,
3c9507b98c9a,no_exact_file_hash_match,0,,,,
faf09d21ad38,no_exact_file_hash_match,0,,,,
fdeb5e436b16,no_exact_file_hash_match,0,,,,
da0956903985,no_exact_file_hash_match,0,,,,
b47b82a49dbf,no_exact_file_hash_match,0,,,,
e295ccec406f,no_exact_file_hash_match,0,,,,
c402603fc5d9,no_exact_file_hash_match,0,,,,
7b64927c8360,no_exact_file_hash_match,0,,,,
feda6912b8fb,no_exact_file_hash_match,0,,,,
5e5774946afc,no_exact_file_hash_match,0,,,,
5ddffd24eba9,no_exact_file_hash_match,0,,,,
2957000c7eb1,no_exact_file_hash_match,0,,,,
32c426ef526c,no_exact_file_hash_match,0,,,,
a987f6dd98e2,no_exact_file_hash_match,0,,,,
80706b0a7e10,no_exact_file_hash_match,0,,,,
d5a7c286c606,no_exact_file_hash_match,0,,,,
abd845aba974,no_exact_file_hash_match,0,,,,
550dec6accd8,no_exact_file_hash_match,0,,,,
fce710c630a2,no_exact_file_hash_match,0,,,,
01eedc4f0bde,no_exact_file_hash_match,0,,,,
f96ec088c4a6,no_exact_file_hash_match,0,,,,
ffc7dd833b1f,no_exact_file_hash_match,0,,,,
9a269e54660f,no_exact_file_hash_match,0,,,,
479fd5f57272,no_exact_file_hash_match,0,,,,
041d78b3fe74,no_exact_file_hash_match,0,,,,
a363799c7029,no_exact_file_hash_match,0,,,,
00efdeeb5602,no_exact_file_hash_match,0,,,,
28c19f39268b,no_exact_file_hash_match,0,,,,
50142a5ba6bb,no_exact_file_hash_match,0,,,,
9c85df9ec3f4,no_exact_file_hash_match,0,,,,
625823d46eb1,no_exact_file_hash_match,0,,,,
853726305a18,no_exact_file_hash_match,0,,,,
a134c9d00012,no_exact_file_hash_match,0,,,,
f303b15c874f,no_exact_file_hash_match,0,,,,
d5e60afbccdb,no_exact_file_hash_match,0,,,,
ee4282fd3b2c,no_exact_file_hash_match,0,,,,
23b89883c51a,no_exact_file_hash_match,0,,,,
239837aad780,no_exact_file_hash_match,0,,,,
91cdf479eba2,no_exact_file_hash_match,0,,,,
fc34ffd73288,no_exact_file_hash_match,0,,,,
2b5451ec845e,no_exact_file_hash_match,0,,,,
d29c30fd26e2,no_exact_file_hash_match,0,,,,
5d31018194ba,no_exact_file_hash_match,0,,,,
abe7454078ed,no_exact_file_hash_match,0,,,,
bfa34097d572,no_exact_file_hash_match,0,,,,
ec449caa9784,no_exact_file_hash_match,0,,,,
15fc1a0c70f3,no_exact_file_hash_match,0,,,,
b9a212f5a0a3,no_exact_file_hash_match,0,,,,
b793fc7423a7,no_exact_file_hash_match,0,,,,
ae0752678846,no_exact_file_hash_match,0,,,,
177248a0aa54,no_exact_file_hash_match,0,,,,
f04b1f0b31f3,no_exact_file_hash_match,0,,,,
61a49d987245,no_exact_file_hash_match,0,,,,
97ed6cda79b4,no_exact_file_hash_match,0,,,,
98f4318bd9cd,no_exact_file_hash_match,0,,,,
3a46f877074a,no_exact_file_hash_match,0,,,,
e74553f57e8e,no_exact_file_hash_match,0,,,,
504f295bb23d,no_exact_file_hash_match,0,,,,
c53eb2a3583f,no_exact_file_hash_match,0,,,,
00c441a09cf5,no_exact_file_hash_match,0,,,,
f7513c4b7f7f,no_exact_file_hash_match,0,,,,
0bc527998d55,no_exact_file_hash_match,0,,,,
77516cda554b,no_exact_file_hash_match,0,,,,
41f2b54f4612,no_exact_file_hash_match,0,,,,
7f350fb01a7f,no_exact_file_hash_match,0,,,,
75e059b33175,no_exact_file_hash_match,0,,,,
d55f65df7a2d,no_exact_file_hash_match,0,,,,
45d0ccf60698,no_exact_file_hash_match,0,,,,
743923a7bf97,no_exact_file_hash_match,0,,,,
b29d63fdc787,no_exact_file_hash_match,0,,,,
1da515468f53,no_exact_file_hash_match,0,,,,
0cb8281a6340,no_exact_file_hash_match,0,,,,
25e9eca69842,no_exact_file_hash_match,0,,,,
638a73151923,no_exact_file_hash_match,0,,,,
a5cee8a3ab8e,no_exact_file_hash_match,0,,,,
6505d0742fc8,no_exact_file_hash_match,0,,,,
a7cbf23fc15c,no_exact_file_hash_match,0,,,,
50a82e02bdcb,no_exact_file_hash_match,0,,,,
27f77a412f5b,no_exact_file_hash_match,0,,,,
1a8052c3eb75,no_exact_file_hash_match,0,,,,
b7c6eb36b083,no_exact_file_hash_match,0,,,,
0ec3a3bd55bb,no_exact_file_hash_match,0,,,,
d0fc09c944a0,no_exact_file_hash_match,0,,,,
f15cf677e4db,no_exact_file_hash_match,0,,,,
97d10b85be9a,no_exact_file_hash_match,0,,,,
6a97f793926e,no_exact_file_hash_match,0,,,,
4db2d8f5862b,no_exact_file_hash_match,0,,,,
54282b51fe41,no_exact_file_hash_match,0,,,,
b76862d85aa1,no_exact_file_hash_match,0,,,,
b07e178970f7,no_exact_file_hash_match,0,,,,
738e26e9da4b,no_exact_file_hash_match,0,,,,
ca9a04d329e8,no_exact_file_hash_match,0,,,,
87a73bb5c9d3,no_exact_file_hash_match,0,,,,
d1436b16d536,no_exact_file_hash_match,0,,,,
2032d4802382,no_exact_file_hash_match,0,,,,
2c62d9b12c2b,no_exact_file_hash_match,0,,,,
4d82ca84cd23,no_exact_file_hash_match,0,,,,
b7fbd2171438,no_exact_file_hash_match,0,,,,
5ca8137ec1fb,no_exact_file_hash_match,0,,,,
8015eee85c20,no_exact_file_hash_match,0,,,,
7de06ae40d68,no_exact_file_hash_match,0,,,,
3e6107998d5b,no_exact_file_hash_match,0,,,,
9ee9010c96e9,no_exact_file_hash_match,0,,,,
e7fa6fec758e,no_exact_file_hash_match,0,,,,
30bba9e0c618,no_exact_file_hash_match,0,,,,
c4b250c0e144,no_exact_file_hash_match,0,,,,
5d9002e19d76,no_exact_file_hash_match,0,,,,
7d6b6daa25ee,no_exact_file_hash_match,0,,,,
c497f0063c46,no_exact_file_hash_match,0,,,,
c9ed951462bd,no_exact_file_hash_match,0,,,,
b22b74c45116,no_exact_file_hash_match,0,,,,
336a7488f17c,no_exact_file_hash_match,0,,,,
4ca86fb04c8e,no_exact_file_hash_match,0,,,,
bdfe89b7480e,no_exact_file_hash_match,0,,,,
32cddc9cd852,no_exact_file_hash_match,0,,,,
9cf69d805f56,no_exact_file_hash_match,0,,,,
debddb57feb5,no_exact_file_hash_match,0,,,,
294dcdf6f8be,no_exact_file_hash_match,0,,,,
603ff0f1c705,no_exact_file_hash_match,0,,,,
6f938b0a5192,no_exact_file_hash_match,0,,,,
fd385674583e,no_exact_file_hash_match,0,,,,
6ed0817ace1c,no_exact_file_hash_match,0,,,,
43424ef93c33,no_exact_file_hash_match,0,,,,
8878fac415a0,no_exact_file_hash_match,0,,,,
dd86e837c63d,no_exact_file_hash_match,0,,,,
d9012a023c02,no_exact_file_hash_match,0,,,,
edc19e73b81e,no_exact_file_hash_match,0,,,,
b073dc191b4c,no_exact_file_hash_match,0,,,,
498b53dc5cbb,no_exact_file_hash_match,0,,,,
eb62df0eaf42,no_exact_file_hash_match,0,,,,
867b4a6c8fbe,no_exact_file_hash_match,0,,,,
d151d21d8c93,no_exact_file_hash_match,0,,,,
bf2f00b783de,no_exact_file_hash_match,0,,,,
fd5edd2aa3ce,no_exact_file_hash_match,0,,,,
cb4e436c421a,no_exact_file_hash_match,0,,,,
ac85439bbd31,no_exact_file_hash_match,0,,,,
c4f3be0a5f43,no_exact_file_hash_match,0,,,,
577062aa1b17,no_exact_file_hash_match,0,,,,
7a7fbbe27bf0,no_exact_file_hash_match,0,,,,
08915938087b,no_exact_file_hash_match,0,,,,
045cf7836f97,no_exact_file_hash_match,0,,,,
5a602c054c4b,no_exact_file_hash_match,0,,,,
712e746c036e,no_exact_file_hash_match,0,,,,
03c4c09931d2,no_exact_file_hash_match,0,,,,
d86a6c68da14,no_exact_file_hash_match,0,,,,
be1261ccc390,no_exact_file_hash_match,0,,,,
03811fde9e80,no_exact_file_hash_match,0,,,,
4950385295e8,no_exact_file_hash_match,0,,,,
6095f4d7a743,no_exact_file_hash_match,0,,,,
d9a173e1628b,no_exact_file_hash_match,0,,,,
6abb98850d1e,no_exact_file_hash_match,0,,,,
f1a49f8b0fc8,no_exact_file_hash_match,0,,,,
c79edaa50db2,no_exact_file_hash_match,0,,,,
63f2d0524afc,no_exact_file_hash_match,0,,,,
1b88d140f870,no_exact_file_hash_match,0,,,,
530bdc8efbc0,no_exact_file_hash_match,0,,,,
e2bcfbd50bd1,no_exact_file_hash_match,0,,,,
3f4d866d8210,no_exact_file_hash_match,0,,,,
5c8a823a1628,no_exact_file_hash_match,0,,,,
27ed1b1b7073,no_exact_file_hash_match,0,,,,
fc6792dea129,no_exact_file_hash_match,0,,,,
f2fc6edc033e,no_exact_file_hash_match,0,,,,
5a5b370a1336,no_exact_file_hash_match,0,,,,
d0ed824d516f,no_exact_file_hash_match,0,,,,
7fd15d3da690,no_exact_file_hash_match,0,,,,
a9ede2db8793,no_exact_file_hash_match,0,,,,
115e1244e766,no_exact_file_hash_match,0,,,,
631328243339,no_exact_file_hash_match,0,,,,
07bdaa59625a,no_exact_file_hash_match,0,,,,
ef4b4bde1c17,no_exact_file_hash_match,0,,,,
39873a36bcf9,no_exact_file_hash_match,0,,,,
41e97cfdcf7d,no_exact_file_hash_match,0,,,,
e0b220b5846c,no_exact_file_hash_match,0,,,,
92fd1878563d,no_exact_file_hash_match,0,,,,
143995e0f218,no_exact_file_hash_match,0,,,,
4d377634cd30,no_exact_file_hash_match,0,,,,
42f559ba1e60,no_exact_file_hash_match,0,,,,
d02da722fbc0,no_exact_file_hash_match,0,,,,
88341da6f333,no_exact_file_hash_match,0,,,,
f862fe0b370a,no_exact_file_hash_match,0,,,,
b2e9ba943c98,no_exact_file_hash_match,0,,,,
85f90c5f8af2,no_exact_file_hash_match,0,,,,
a4e6fec56298,no_exact_file_hash_match,0,,,,
9d7a11e43bc7,no_exact_file_hash_match,0,,,,
9d10103ab892,no_exact_file_hash_match,0,,,,
8a3efc48d07b,no_exact_file_hash_match,0,,,,
632097cca1de,no_exact_file_hash_match,0,,,,
07d027dd41c4,no_exact_file_hash_match,0,,,,
249f7c52bd5d,no_exact_file_hash_match,0,,,,
748bb34ebcd9,no_exact_file_hash_match,0,,,,
799739f79c3f,no_exact_file_hash_match,0,,,,
2d6a67998ee2,no_exact_file_hash_match,0,,,,
fc9b38daa21c,no_exact_file_hash_match,0,,,,
2bed6c4e4715,no_exact_file_hash_match,0,,,,
5b11d0fc4518,no_exact_file_hash_match,0,,,,
23ec133d3d4e,no_exact_file_hash_match,0,,,,
fa62a47efda1,no_exact_file_hash_match,0,,,,
9aa30ffddf51,no_exact_file_hash_match,0,,,,
e160446a1747,no_exact_file_hash_match,0,,,,
752d3ecc01d4,no_exact_file_hash_match,0,,,,
8f247532821e,no_exact_file_hash_match,0,,,,
6e0c819329e8,no_exact_file_hash_match,0,,,,
788ab7182de5,no_exact_file_hash_match,0,,,,
72a90ad97372,no_exact_file_hash_match,0,,,,
331d1e490982,no_exact_file_hash_match,0,,,,
11ea18f629ba,no_exact_file_hash_match,0,,,,
01293d780b87,no_exact_file_hash_match,0,,,,
5d2e000b99ed,no_exact_file_hash_match,0,,,,
a23cc0280622,no_exact_file_hash_match,0,,,,
7a67b7debe77,no_exact_file_hash_match,0,,,,
e69a9936e666,no_exact_file_hash_match,0,,,,
a16ab781ce1e,no_exact_file_hash_match,0,,,,
982beaefa8b9,no_exact_file_hash_match,0,,,,
50812cd43d44,no_exact_file_hash_match,0,,,,
590fa755bc93,no_exact_file_hash_match,0,,,,
efe5131a57bc,no_exact_file_hash_match,0,,,,
ff71212c1d6f,no_exact_file_hash_match,0,,,,
cf6b89c7b86b,no_exact_file_hash_match,0,,,,
42a87679d424,no_exact_file_hash_match,0,,,,
789c11c8dbf2,no_exact_file_hash_match,0,,,,
9f87604a5cec,no_exact_file_hash_match,0,,,,
ed50f3c2a5b9,no_exact_file_hash_match,0,,,,
4608fd34f358,no_exact_file_hash_match,0,,,,
2ea9c1d217a9,no_exact_file_hash_match,0,,,,
ecd948f21ee2,no_exact_file_hash_match,0,,,,
e85d3cc44e5a,no_exact_file_hash_match,0,,,,
5b06712435a5,no_exact_file_hash_match,0,,,,
14d14c27e978,no_exact_file_hash_match,0,,,,
4bf5c821834c,no_exact_file_hash_match,0,,,,
6810b355f688,no_exact_file_hash_match,0,,,,
6a967efc3802,no_exact_file_hash_match,0,,,,
6195aa32b2eb,no_exact_file_hash_match,0,,,,
d5932764f0aa,no_exact_file_hash_match,0,,,,
abc40582ad32,no_exact_file_hash_match,0,,,,
23bc9e46b629,no_exact_file_hash_match,0,,,,
f6c940900d0f,no_exact_file_hash_match,0,,,,
ba881c5ae274,no_exact_file_hash_match,0,,,,
c5c336fbf19a,no_exact_file_hash_match,0,,,,
b78ff877a732,no_exact_file_hash_match,0,,,,
0106d8494646,no_exact_file_hash_match,0,,,,
6535fb86d150,no_exact_file_hash_match,0,,,,
f3ed98efeb12,no_exact_file_hash_match,0,,,,
60bbc823c06c,no_exact_file_hash_match,0,,,,
fa877f8b0325,no_exact_file_hash_match,0,,,,
0230024c3033,no_exact_file_hash_match,0,,,,
336ff7e5ccf8,no_exact_file_hash_match,0,,,,
123e3b04176b,no_exact_file_hash_match,0,,,,
670c9e355f02,no_exact_file_hash_match,0,,,,
9fd8b50fced7,no_exact_file_hash_match,0,,,,
9bd8813df63d,no_exact_file_hash_match,0,,,,
83a6e1055dff,no_exact_file_hash_match,0,,,,
d9f5f942c824,no_exact_file_hash_match,0,,,,
fdef53084dda,no_exact_file_hash_match,0,,,,
1d28721e715a,no_exact_file_hash_match,0,,,,
53c456dcc8c5,no_exact_file_hash_match,0,,,,
42719eb12cd8,no_exact_file_hash_match,0,,,,
00ee7ace34be,no_exact_file_hash_match,0,,,,
4e9b28043484,no_exact_file_hash_match,0,,,,
a232f0ae3120,no_exact_file_hash_match,0,,,,
27a5455d0df0,no_exact_file_hash_match,0,,,,
c97b54472654,no_exact_file_hash_match,0,,,,
a091be5aafe2,no_exact_file_hash_match,0,,,,
8e74b6358482,no_exact_file_hash_match,0,,,,
1326b9be9daf,no_exact_file_hash_match,0,,,,
0f4e949d7fb4,no_exact_file_hash_match,0,,,,
bb1d425f0631,no_exact_file_hash_match,0,,,,
4cfa5d634d89,no_exact_file_hash_match,0,,,,
c1fd207b005e,no_exact_file_hash_match,0,,,,
4affcc120492,no_exact_file_hash_match,0,,,,
54ca36a15c14,no_exact_file_hash_match,0,,,,
080e3d2b16d1,no_exact_file_hash_match,0,,,,
81a96f053e8f,no_exact_file_hash_match,0,,,,
183674d32892,no_exact_file_hash_match,0,,,,
c4013276a121,no_exact_file_hash_match,0,,,,
71262447b9c5,no_exact_file_hash_match,0,,,,
c17bb6b8e44e,no_exact_file_hash_match,0,,,,
c19529de59b1,no_exact_file_hash_match,0,,,,
65c87f971f0a,no_exact_file_hash_match,0,,,,
0fb2edbb4285,no_exact_file_hash_match,0,,,,
d6733b01bc37,no_exact_file_hash_match,0,,,,
278e7fc8093e,no_exact_file_hash_match,0,,,,
0a54c75717ec,no_exact_file_hash_match,0,,,,
264c9ff6dc63,no_exact_file_hash_match,0,,,,
7c548d73776a,no_exact_file_hash_match,0,,,,
0b7ce89bacbf,no_exact_file_hash_match,0,,,,
ca42e95c3b3b,no_exact_file_hash_match,0,,,,
5e63a0d80f1f,no_exact_file_hash_match,0,,,,
f1e60bf147cb,no_exact_file_hash_match,0,,,,
074618c0df66,no_exact_file_hash_match,0,,,,
1f30ff99f96b,no_exact_file_hash_match,0,,,,
9b6d4abbdc6d,no_exact_file_hash_match,0,,,,
bea7ee674fa1,no_exact_file_hash_match,0,,,,
2b70b23d92f2,no_exact_file_hash_match,0,,,,
971d6817ce95,no_exact_file_hash_match,0,,,,
021ccbdcfcdc,no_exact_file_hash_match,0,,,,
4ae8128f6886,no_exact_file_hash_match,0,,,,
3a4939593c36,no_exact_file_hash_match,0,,,,
007cddd25db4,no_exact_file_hash_match,0,,,,
8b65e0c18de3,no_exact_file_hash_match,0,,,,
b060131fcfd8,no_exact_file_hash_match,0,,,,
72a078c649f4,no_exact_file_hash_match,0,,,,
f842d398a03b,no_exact_file_hash_match,0,,,,
c82ef27f1f7e,no_exact_file_hash_match,0,,,,
8e6c65fee62a,no_exact_file_hash_match,0,,,,
be2e4aa15c3e,no_exact_file_hash_match,0,,,,
30ce1b91bbc2,no_exact_file_hash_match,0,,,,
150d2290490e,no_exact_file_hash_match,0,,,,
cd4dd577dc2a,no_exact_file_hash_match,0,,,,
0e1d769d2be4,no_exact_file_hash_match,0,,,,
18736aee017b,no_exact_file_hash_match,0,,,,
b8c12223ba60,no_exact_file_hash_match,0,,,,
86f653917ec2,no_exact_file_hash_match,0,,,,
4fa23acb4c42,no_exact_file_hash_match,0,,,,
436d3a4b0b8d,no_exact_file_hash_match,0,,,,
a21c1775247d,no_exact_file_hash_match,0,,,,
49fe8df26017,no_exact_file_hash_match,0,,,,
4dddc8a5d7d9,no_exact_file_hash_match,0,,,,
a2d46b3cb4d1,no_exact_file_hash_match,0,,,,
8b92b6d285f6,no_exact_file_hash_match,0,,,,
6b7d864c888e,no_exact_file_hash_match,0,,,,
19b57d09297c,no_exact_file_hash_match,0,,,,
8abe9c81c826,no_exact_file_hash_match,0,,,,
062f326b8e98,no_exact_file_hash_match,0,,,,
893aad54af49,no_exact_file_hash_match,0,,,,
9a1e0ee6d44a,no_exact_file_hash_match,0,,,,
df7b2dba5cdd,no_exact_file_hash_match,0,,,,
ab33bbd55ad5,no_exact_file_hash_match,0,,,,
a7d5207f9ea6,no_exact_file_hash_match,0,,,,
77275c1a67bd,no_exact_file_hash_match,0,,,,
4283fc65cf83,no_exact_file_hash_match,0,,,,
8551ae7f80f7,no_exact_file_hash_match,0,,,,
9a4dae4d2820,no_exact_file_hash_match,0,,,,
a62f9fc50576,no_exact_file_hash_match,0,,,,
1ab9ad174c36,no_exact_file_hash_match,0,,,,
cc2a8b43be5b,no_exact_file_hash_match,0,,,,
aa5e88096417,no_exact_file_hash_match,0,,,,
814713f5d813,no_exact_file_hash_match,0,,,,
40012f7f4cee,no_exact_file_hash_match,0,,,,
30853fcb8d32,no_exact_file_hash_match,0,,,,
dca21e3fef6e,no_exact_file_hash_match,0,,,,
fea17cf6dcb3,no_exact_file_hash_match,0,,,,
aadc301ec51c,no_exact_file_hash_match,0,,,,
7c5ed693e0b8,no_exact_file_hash_match,0,,,,
2f6707c3b847,no_exact_file_hash_match,0,,,,
609f3fd152a4,no_exact_file_hash_match,0,,,,
1b07328324b1,no_exact_file_hash_match,0,,,,
215a472ccd19,no_exact_file_hash_match,0,,,,
c98ca76d543c,no_exact_file_hash_match,0,,,,
d52e0cbba086,no_exact_file_hash_match,0,,,,
91f50c23fc2f,no_exact_file_hash_match,0,,,,
70f76e38d988,no_exact_file_hash_match,0,,,,
aeef57584fe0,no_exact_file_hash_match,0,,,,
edd2983324cc,no_exact_file_hash_match,0,,,,
4f56f0d1a737,no_exact_file_hash_match,0,,,,
74fcf37aaf27,no_exact_file_hash_match,0,,,,
385c5d207b62,no_exact_file_hash_match,0,,,,
a211e992d223,no_exact_file_hash_match,0,,,,
5bebb336604e,no_exact_file_hash_match,0,,,,
e4b69a80f90c,no_exact_file_hash_match,0,,,,
c53fef756797,no_exact_file_hash_match,0,,,,
f586cfcc206e,no_exact_file_hash_match,0,,,,
3610cd44fa81,no_exact_file_hash_match,0,,,,
909c949dad25,no_exact_file_hash_match,0,,,,
936ee0ee21e4,no_exact_file_hash_match,0,,,,
4672188789a7,no_exact_file_hash_match,0,,,,
43137ec12098,no_exact_file_hash_match,0,,,,
eab52362c481,no_exact_file_hash_match,0,,,,
b116e801f0aa,no_exact_file_hash_match,0,,,,
8d8a52eda4c8,no_exact_file_hash_match,0,,,,
5424c12442b9,no_exact_file_hash_match,0,,,,
d4addde2ca14,no_exact_file_hash_match,0,,,,
00bb39eeacb3,no_exact_file_hash_match,0,,,,
0195f572e5f8,no_exact_file_hash_match,0,,,,
30db275aa068,no_exact_file_hash_match,0,,,,
3d4549820546,no_exact_file_hash_match,0,,,,
0ed104c16158,no_exact_file_hash_match,0,,,,
349710bdf95b,no_exact_file_hash_match,0,,,,
c0a819759845,no_exact_file_hash_match,0,,,,
06e9042faac1,no_exact_file_hash_match,0,,,,
9753bef074d8,no_exact_file_hash_match,0,,,,
46f968491696,no_exact_file_hash_match,0,,,,
d23e017b119b,no_exact_file_hash_match,0,,,,
6a2d57cd5388,no_exact_file_hash_match,0,,,,
d547f0d4800f,no_exact_file_hash_match,0,,,,
646eedf4686c,no_exact_file_hash_match,0,,,,
bb4ca760e4bf,no_exact_file_hash_match,0,,,,
87cb06976dd9,no_exact_file_hash_match,0,,,,
ba50703eec4d,no_exact_file_hash_match,0,,,,
2872f2ea39d6,no_exact_file_hash_match,0,,,,
a15cc3705b7d,no_exact_file_hash_match,0,,,,
0cf80c920c66,no_exact_file_hash_match,0,,,,
913dcae8baba,no_exact_file_hash_match,0,,,,
3134c6885767,no_exact_file_hash_match,0,,,,
5f8e665a317d,no_exact_file_hash_match,0,,,,
763b7e1fa7f7,no_exact_file_hash_match,0,,,,
12537dd03549,no_exact_file_hash_match,0,,,,
7555e5463b0c,no_exact_file_hash_match,0,,,,
6e47216a7a6c,no_exact_file_hash_match,0,,,,
6a0d0a49234a,no_exact_file_hash_match,0,,,,
134956295e53,no_exact_file_hash_match,0,,,,
f1ff0c6ffd13,no_exact_file_hash_match,0,,,,
2fbe3007a8eb,no_exact_file_hash_match,0,,,,
9a91a38ec8f1,no_exact_file_hash_match,0,,,,
cc17613b2be1,no_exact_file_hash_match,0,,,,
fac8930f43d4,no_exact_file_hash_match,0,,,,
48cc0b7ae1ec,no_exact_file_hash_match,0,,,,
f0c4f3857c85,no_exact_file_hash_match,0,,,,
3a87827d7ef4,no_exact_file_hash_match,0,,,,
592133ef1675,no_exact_file_hash_match,0,,,,
2ba6937a648a,no_exact_file_hash_match,0,,,,
e0e97436525c,no_exact_file_hash_match,0,,,,
b46fdcbc728d,no_exact_file_hash_match,0,,,,
e0d4ac4604b9,no_exact_file_hash_match,0,,,,
22369fd59f70,no_exact_file_hash_match,0,,,,
205b0cad1622,no_exact_file_hash_match,0,,,,
15b49eba10c4,no_exact_file_hash_match,0,,,,
4662671554db,no_exact_file_hash_match,0,,,,
57b721da32a8,no_exact_file_hash_match,0,,,,
aec4586d58b1,no_exact_file_hash_match,0,,,,
e6c482d8371e,no_exact_file_hash_match,0,,,,
58aefb5b0adb,no_exact_file_hash_match,0,,,,
340c9bab3126,no_exact_file_hash_match,0,,,,
c741ef3e2d30,no_exact_file_hash_match,0,,,,
b75bd3278387,no_exact_file_hash_match,0,,,,
ce734acc96a2,no_exact_file_hash_match,0,,,,
c3ee5fe292f6,no_exact_file_hash_match,0,,,,
a48245b8db6d,no_exact_file_hash_match,0,,,,
390d8eaa5b8d,no_exact_file_hash_match,0,,,,
51fa35bf4d09,no_exact_file_hash_match,0,,,,
949c8e718b2a,no_exact_file_hash_match,0,,,,
bf648976f624,no_exact_file_hash_match,0,,,,
f2f42e1ee6d2,no_exact_file_hash_match,0,,,,
4f4009806f6f,no_exact_file_hash_match,0,,,,
0b7b583f2dad,no_exact_file_hash_match,0,,,,
987d421e3ec9,no_exact_file_hash_match,0,,,,
b687f93d4e58,no_exact_file_hash_match,0,,,,
976844de6774,no_exact_file_hash_match,0,,,,
1446e96743ef,no_exact_file_hash_match,0,,,,
3d308fb78d69,no_exact_file_hash_match,0,,,,
64c1174c0062,no_exact_file_hash_match,0,,,,
ffd85fec7db7,no_exact_file_hash_match,0,,,,
ef0d4cfdbb49,no_exact_file_hash_match,0,,,,
2013aa0c0e73,no_exact_file_hash_match,0,,,,
279e5c21ae3e,no_exact_file_hash_match,0,,,,
e64dfeaed030,no_exact_file_hash_match,0,,,,
9eb0f59a741f,no_exact_file_hash_match,0,,,,
06bd12237c02,no_exact_file_hash_match,0,,,,
3a9207888e2e,no_exact_file_hash_match,0,,,,
b58dd966280f,no_exact_file_hash_match,0,,,,
a8be5b1177b3,no_exact_file_hash_match,0,,,,
0ebe4180c160,no_exact_file_hash_match,0,,,,
bcbe8c65a6bf,no_exact_file_hash_match,0,,,,
7c0f26de920c,no_exact_file_hash_match,0,,,,
19973d5d3049,no_exact_file_hash_match,0,,,,
0eab1a07395f,no_exact_file_hash_match,0,,,,
eede7cad3046,no_exact_file_hash_match,0,,,,
5cf99f216350,no_exact_file_hash_match,0,,,,
a25d6a92a788,no_exact_file_hash_match,0,,,,
50d7e202a650,no_exact_file_hash_match,0,,,,
f3251ed259cd,no_exact_file_hash_match,0,,,,
e07a026d6ab4,no_exact_file_hash_match,0,,,,
a7f82c4a070a,no_exact_file_hash_match,0,,,,
2e68c13988f9,no_exact_file_hash_match,0,,,,
b7b81ddca3a5,no_exact_file_hash_match,0,,,,
3c9de05cf444,no_exact_file_hash_match,0,,,,
231546034e19,no_exact_file_hash_match,0,,,,
74bd3832ade8,no_exact_file_hash_match,0,,,,
de3803386951,no_exact_file_hash_match,0,,,,
7ef5d7f6c97c,no_exact_file_hash_match,0,,,,
c2543cb3ec76,no_exact_file_hash_match,0,,,,
55974b8d0005,no_exact_file_hash_match,0,,,,
f899ee99ca43,no_exact_file_hash_match,0,,,,
55df3a8a7f8b,no_exact_file_hash_match,0,,,,
7aaac1e1c8c4,no_exact_file_hash_match,0,,,,
38b76c101af4,no_exact_file_hash_match,0,,,,
e5ed6f14235a,no_exact_file_hash_match,0,,,,
7efde0416584,no_exact_file_hash_match,0,,,,
51d822cc8545,no_exact_file_hash_match,0,,,,
185461e8cdb2,no_exact_file_hash_match,0,,,,
e6b6b08832f1,no_exact_file_hash_match,0,,,,
890430c0aedf,no_exact_file_hash_match,0,,,,
b6da7d70ba51,no_exact_file_hash_match,0,,,,
1ed46f60b84c,no_exact_file_hash_match,0,,,,
30efa80e4b86,no_exact_file_hash_match,0,,,,
