item_id,image_path,title_zh,title_en,source_url,source_url_type,source_site_hint
45a7366dd41a,images_512/artmajeur/45a7366dd41a.jpg,转化,Transformation,https://www.artmajeur.com/jeremie-camus?view=grid&collections%5B%5D=2238868,artist_or_collection_page,artmajeur.com
280f3c27a098,images_512/artmajeur/280f3c27a098.jpg,鱼生 #3,Fish Life #3,https://www.artmajeur.com/igor-shulman?view=grid&collections%5B%5D=1286191,artist_or_collection_page,artmajeur.com
0d5166aa8c12,images_512/artmajeur/0d5166aa8c12.jpg,奇妙之旅,Wonderful Journey,https://www.artmajeur.com/picrate?view=grid&collections%5B%5D=1775407,artist_or_collection_page,artmajeur.com
70c32c033765,images_512/artmajeur/70c32c033765.jpg,火星的征服,Conquest of Mars,https://www.artmajeur.com/dags-vidulejs?view=grid&collections%5B%5D=2194390,artist_or_collection_page,artmajeur.com
ec9727dc1caf,images_512/artmajeur/ec9727dc1caf.jpg,乡村清晨,Country Morning,https://www.artmajeur.com/nga-tran?view=grid&collections%5B%5D=2287606,artist_or_collection_page,artmajeur.com
ffd8d1668aa7,images_512/artmajeur/ffd8d1668aa7.jpg,黎明的金色,Golden Dawn,https://www.artmajeur.com/jean-humbert-savoldelli?view=grid&collections%5B%5D=1607818,artist_or_collection_page,artmajeur.com
49d08e279c77,images_512/artmajeur/49d08e279c77.jpg,时间的联合,L'Unione dei tempi,https://www.artmajeur.com/elisa-de-montis?view=grid&collections%5B%5D=2450866,artist_or_collection_page,artmajeur.com
01d0c51f3d96,images_512/artmajeur/01d0c51f3d96.jpg,山谷中的沉睡者,Sleeper in the Valley,https://www.artmajeur.com/jean-humbert-savoldelli?view=grid&collections%5B%5D=1607818,artist_or_collection_page,artmajeur.com
4922f64f7b32,images_512/artmajeur/4922f64f7b32.jpg,相信自己的直觉,Trust Your Instincts,https://www.artmajeur.com/picrate?view=grid&collections%5B%5D=1775407,artist_or_collection_page,artmajeur.com
438b3376f646,images_512/artmajeur/438b3376f646.jpg,双生影,Doppelgänger,https://www.artmajeur.com/annabelle-amory?view=grid&collections%5B%5D=2064842,artist_or_collection_page,artmajeur.com
113768c9c7f6,images_512/artmajeur/113768c9c7f6.jpg,阿尔班永恒,Eternal Alban,https://www.artmajeur.com/jean-humbert-savoldelli?view=grid&collections%5B%5D=1607818,artist_or_collection_page,artmajeur.com
7d189d6c0f1a,images_512/artmajeur/7d189d6c0f1a.jpg,乐队,The Band,https://www.artmajeur.com/jean-humbert-savoldelli?view=grid&collections%5B%5D=1607818,artist_or_collection_page,artmajeur.com
bd744b0b6982,images_512/artmajeur/bd744b0b6982.jpg,地下墓穴,Catacombs,https://www.artmajeur.com/jean-humbert-savoldelli?view=grid&collections%5B%5D=1607818,artist_or_collection_page,artmajeur.com
3c4d26a24330,images_512/artmajeur/3c4d26a24330.jpg,全球化克隆,GLOBALISATION CLONES,https://www.artmajeur.com/dags-vidulejs?view=grid&collections%5B%5D=2194390,artist_or_collection_page,artmajeur.com
ab36ee798527,images_512/artmajeur/ab36ee798527.jpg,泥土的拥抱,Embrace of the Earth,https://www.artmajeur.com/senchenko?view=grid&collections%5B%5D=1872680,artist_or_collection_page,artmajeur.com
b231b28e9379,images_512/artmajeur/b231b28e9379.jpg,类比谜题,Analog Puzzle,https://www.artmajeur.com/zh/yi-shu-pin/hui-hua,artist_or_collection_page,artmajeur.com
ad055fc89458,images_512/artmajeur/ad055fc89458.jpg,公共花园,Public Garden,https://www.artmajeur.com/jean-humbert-savoldelli?view=grid&collections%5B%5D=1607818,artist_or_collection_page,artmajeur.com
954c5208a895,images_512/artmajeur/954c5208a895.jpg,最后的光芒,Last Light,https://www.artmajeur.com/jean-humbert-savoldelli?view=grid&collections%5B%5D=1607818,artist_or_collection_page,artmajeur.com
4005c06befe7,images_512/artmajeur/4005c06befe7.jpg,渐逝的梦,Fading Dream,https://www.artmajeur.com/zh/yi-shu-pin/hui-hua,artist_or_collection_page,artmajeur.com
0303fa35c506,images_512/artmajeur/0303fa35c506.jpg,桃花源,Peach Blossom Spring,https://www.artmajeur.com/zh/yi-shu-pin/hui-hua,artist_or_collection_page,artmajeur.com
7c15216a356d,images_512/artmajeur/7c15216a356d.jpg,森林中的鹿,Deer in the Forest,https://www.artmajeur.com/zh/yi-shu-pin/hui-hua,artist_or_collection_page,artmajeur.com
1bb7b3f48b7b,images_512/artmajeur/1bb7b3f48b7b.jpg,多花,Abundant Flowers,https://www.artmajeur.com/nga-tran?view=grid&collections%5B%5D=2287606,artist_or_collection_page,artmajeur.com
b50f282ba6de,images_512/artmajeur/b50f282ba6de.jpg,撒尼斗牛文化节,Sani Bullfighting Festival,https://www.artmajeur.com/zh/yi-shu-pin/hui-hua,artist_or_collection_page,artmajeur.com
cdebdedbba2b,images_512/artmajeur/cdebdedbba2b.jpg,我痛苦，因此我活着,"I Suffer, Therefore I Live",https://www.artmajeur.com/milos-hronec?view=grid&collections%5B%5D=2390674,artist_or_collection_page,artmajeur.com
40e216c47afa,images_512/artmajeur/40e216c47afa.jpg,失落的幻影,失落的幻影,https://www.artmajeur.com/zh/yi-shu-pin/hui-hua,artist_or_collection_page,artmajeur.com
377ffc885c72,images_512/artmajeur/377ffc885c72.jpg,和平使命：乌克兰与以色列,Peace Mission: Ukraine and Israel,https://www.artmajeur.com/dags-vidulejs?view=grid&collections%5B%5D=2194390,artist_or_collection_page,artmajeur.com
ec9fddf3dd86,images_512/artmajeur/ec9fddf3dd86.jpg,愤怒的花朵崩溃,Flowers of Rage Collapse,https://www.artmajeur.com/zh/yi-shu-pin/hui-hua,artist_or_collection_page,artmajeur.com
ee4610588f3f,images_512/artmajeur/ee4610588f3f.jpg,夏天,Summer,https://artist.artron.net/artists314; https://www.artmajeur.com/igor-shulman?view=grid&collections%5B%5D=1286191; https://www.artmajeur.com/irina-laube?view=grid&collections%5B%5D=1872800,artist_or_collection_page,artist.artron.net; artmajeur.com
5f11912239eb,images_512/artmajeur/5f11912239eb.jpg,沉默的觉醒,Silent Awakening,https://www.artmajeur.com/senchenko?view=grid&collections%5B%5D=1872680,artist_or_collection_page,artmajeur.com
9d7e20c0637e,images_512/artmajeur/9d7e20c0637e.jpg,机械神灵,Mechanical Deity,https://www.artmajeur.com/zh/yi-shu-pin/hui-hua,artist_or_collection_page,artmajeur.com
eceb28d72fd4,images_512/artmajeur/eceb28d72fd4.jpg,黄金武士,Golden Warrior,https://www.artmajeur.com/jean-humbert-savoldelli?view=grid&collections%5B%5D=1607818,artist_or_collection_page,artmajeur.com
73991c17113e,images_512/artmajeur/73991c17113e.jpg,绽放之潮,Tide of Bloom,https://www.artmajeur.com/claire-denarie-soffietti?view=grid&collections%5B%5D=2130209,artist_or_collection_page,artmajeur.com
78c5df210341,images_512/artmajeur/78c5df210341.jpg,月光码头,Moonlit Pier,https://www.artmajeur.com/nga-tran?view=grid&collections%5B%5D=2287606,artist_or_collection_page,artmajeur.com
e2a7d995adb0,images_512/artmajeur/e2a7d995adb0.jpg,父亲的爱,A Father's Love,https://www.artmajeur.com/picrate?view=grid&collections%5B%5D=1775407,artist_or_collection_page,artmajeur.com
33a514e2e078,images_512/artmajeur/33a514e2e078.jpg,循环,Le Cycle,https://www.artmajeur.com/annabelle-amory?view=grid&collections%5B%5D=2064842,artist_or_collection_page,artmajeur.com
7e6096767b83,images_512/artmajeur/7e6096767b83.jpg,秋天的回忆,Memories of Autumn,https://www.artmajeur.com/nga-tran?view=grid&collections%5B%5D=2287606,artist_or_collection_page,artmajeur.com
2459c8d5cb74,images_512/artmajeur/2459c8d5cb74.jpg,苍鹭,L'airone,https://www.artmajeur.com/elisa-de-montis?view=grid&collections%5B%5D=2450866,artist_or_collection_page,artmajeur.com
6e2fe2c082f1,images_512/artmajeur/6e2fe2c082f1.jpg,母亲的喜悦,Mother’s Joy,https://www.artmajeur.com/ganiyat-abdulazeez?view=grid&collections%5B%5D=2121668,artist_or_collection_page,artmajeur.com
1d2dc99906a8,images_512/artmajeur/1d2dc99906a8.jpg,《全球化·克隆》,Globalization·Clone,https://www.artmajeur.com/dags-vidulejs?view=grid&collections%5B%5D=2194390,artist_or_collection_page,artmajeur.com
3bf941aeddac,images_512/artmajeur/3bf941aeddac.jpg,初兆,First Omen,https://www.artmajeur.com/zh/yi-shu-pin/hui-hua,artist_or_collection_page,artmajeur.com
b7a79ddaff63,images_512/artmajeur/b7a79ddaff63.jpg,生活选择 II,Life Choice II,https://www.artmajeur.com/milos-hronec?view=grid&collections%5B%5D=2390674,artist_or_collection_page,artmajeur.com
63d8f42527b0,images_512/artmajeur/63d8f42527b0.jpg,花之少女请教,Floral Maiden's Inquiry,https://www.artmajeur.com/zh/yi-shu-pin/hui-hua,artist_or_collection_page,artmajeur.com
e20f640cb640,images_512/artmajeur/e20f640cb640.jpg,融合,Fusion,https://www.artmajeur.com/antoine-alran?view=grid&collections%5B%5D=2199799; https://www.artmajeur.com/robert-van-den-herik?view=grid&collections%5B0%5D=1744639&page=2,artist_or_collection_page,artmajeur.com
9331e1ff3566,images_512/artmajeur/9331e1ff3566.jpg,平行线,Parallel Lines,https://www.artmajeur.com/jean-humbert-savoldelli?view=grid&collections%5B%5D=1607818,artist_or_collection_page,artmajeur.com
b17675cc0db9,images_512/artmajeur/b17675cc0db9.jpg,发型师 1,Hairdresser 1,https://www.artmajeur.com/jean-luc-michon?view=grid&collections%5B%5D=2220361,artist_or_collection_page,artmajeur.com
b8e6b93cca53,images_512/artmajeur/b8e6b93cca53.jpg,运气,Luck,https://www.artmajeur.com/zh/yi-shu-pin/hui-hua,artist_or_collection_page,artmajeur.com
d967704a5a81,images_512/artmajeur/d967704a5a81.jpg,民谣,Ballad,https://www.artmajeur.com/zh/yi-shu-pin/hui-hua,artist_or_collection_page,artmajeur.com
0d13932ce80b,images_512/artmajeur/0d13932ce80b.jpg,我们的内心平静,Our Inner Peace,https://www.artmajeur.com/oluwapelumi-olaosun?view=grid&collections%5B%5D=2301889,artist_or_collection_page,artmajeur.com
886d55758537,images_512/artmajeur/886d55758537.jpg,母女图,Mother and Daughter,https://www.artmajeur.com/zh/yi-shu-pin/hui-hua,artist_or_collection_page,artmajeur.com
0c4618751279,images_512/artmajeur/0c4618751279.jpg,幸运男孩,Lucky Boy,https://www.artmajeur.com/jean-humbert-savoldelli?view=grid&collections%5B%5D=1607818,artist_or_collection_page,artmajeur.com
7135699f8c2c,images_512/artmajeur/7135699f8c2c.jpg,梦与睡衣,Dreams and Pajamas,https://www.artmajeur.com/claire-denarie-soffietti?view=grid&collections%5B%5D=2130209,artist_or_collection_page,artmajeur.com
79ea08d6c654,images_512/artmajeur/79ea08d6c654.jpg,梦中的陪伴,Dream Companion,https://www.artmajeur.com/ta00?view=grid&collections%5B0%5D=2214331&page=1,artist_or_collection_page,artmajeur.com
bd8854389702,images_512/artmajeur/bd8854389702.jpg,肮脏的思维,Dirty Mind,https://www.artmajeur.com/zh/yi-shu-pin/hui-hua,artist_or_collection_page,artmajeur.com
0aa1912a9d55,images_512/artmajeur/0aa1912a9d55.jpg,高于一切,Above All,https://www.artmajeur.com/milos-hronec?view=grid&collections%5B%5D=2390674,artist_or_collection_page,artmajeur.com
9d1567dbc357,images_512/artmajeur/9d1567dbc357.jpg,梦幻风景,Dreamlike Landscape,https://www.artmajeur.com/aurelie-lafourcade?view=grid&collections%5B%5D=2408860,artist_or_collection_page,artmajeur.com
9c7819d47c8a,images_512/artmajeur/9c7819d47c8a.jpg,为爱。蝴蝶舞。欣喜,PAR AMOUR. BUTTERFLIES DANCE. EIFORIA,https://www.artmajeur.com/dags-vidulejs?view=grid&collections%5B%5D=2194390,artist_or_collection_page,artmajeur.com
973d4c876c05,images_512/artmajeur/973d4c876c05.jpg,时间的气息,Breath of Time,https://www.artmajeur.com/jean-humbert-savoldelli?view=grid&collections%5B%5D=1607818,artist_or_collection_page,artmajeur.com
a49a0ae8afb3,images_512/artmajeur/a49a0ae8afb3.jpg,人骨,Human Bones,https://www.artmajeur.com/milos-hronec?view=grid&collections%5B%5D=2390674,artist_or_collection_page,artmajeur.com
346e12a14b8c,images_512/artmajeur/346e12a14b8c.jpg,飞翔的荷兰人（永不安宁）,The Flying Dutchman (Never at Rest),https://www.artmajeur.com/robert-van-den-herik?view=grid&collections%5B0%5D=1744639&page=2,artist_or_collection_page,artmajeur.com
418d386d3c7f,images_512/artmajeur/418d386d3c7f.jpg,邻居们,Neighbors,https://www.artmajeur.com/igor-shulman?view=grid&collections%5B%5D=1286191,artist_or_collection_page,artmajeur.com
9d602bffd5f2,images_512/artmajeur/9d602bffd5f2.jpg,高原红,Plateau Red,https://www.artmajeur.com/zh/yi-shu-pin/hui-hua,artist_or_collection_page,artmajeur.com
339520abb056,images_512/artmajeur/339520abb056.jpg,怀旧的对称,Nostalgic Symmetry,https://www.artmajeur.com/zh/yi-shu-pin/hui-hua,artist_or_collection_page,artmajeur.com
18028c2b7b7e,images_512/artmajeur/18028c2b7b7e.jpg,期待回家,Longing to Return Home,https://www.artmajeur.com/robert-van-den-herik?view=grid&collections%5B0%5D=1744639&page=2,artist_or_collection_page,artmajeur.com
35eb9ca69596,images_512/artmajeur/35eb9ca69596.jpg,阿波罗纳的敬意,Homage to Apollonia,https://www.artmajeur.com/manolis-maridakis?view=grid&collections%5B%5D=2471758,artist_or_collection_page,artmajeur.com
14791f349980,images_512/artmajeur/14791f349980.jpg,仅此一次,Just This Once,https://www.artmajeur.com/milos-hronec?view=grid&collections%5B%5D=2390674,artist_or_collection_page,artmajeur.com
87f2c69f311e,images_512/artmajeur/87f2c69f311e.jpg,创世纪2,Genesis 2,https://www.artmajeur.com/oluwapelumi-olaosun?view=grid&collections%5B%5D=2301889,artist_or_collection_page,artmajeur.com
fd32fb776339,images_512/artmajeur/fd32fb776339.jpg,沉思迷失,Pensive Lost,https://www.artmajeur.com/robert-van-den-herik?view=grid&collections%5B0%5D=1744639&page=2,artist_or_collection_page,artmajeur.com
6d8969f1935f,images_512/artmajeur/6d8969f1935f.jpg,偶蹄目,Artiodactyla,https://www.artmajeur.com/milos-hronec?view=grid&collections%5B%5D=2390674,artist_or_collection_page,artmajeur.com
a0b6a4908570,images_512/artmajeur/a0b6a4908570.jpg,愤怒的男人,Angry Man,https://www.artmajeur.com/milos-hronec?view=grid&collections%5B%5D=2390674,artist_or_collection_page,artmajeur.com
5f906544042d,images_512/artmajeur/5f906544042d.jpg,春巷,Spring Alley,https://www.artmajeur.com/nga-tran?view=grid&collections%5B%5D=2287606,artist_or_collection_page,artmajeur.com
f75c28d0cbee,images_512/artmajeur/f75c28d0cbee.jpg,跳高,High Jump,https://www.artmajeur.com/igor-shulman?view=grid&collections%5B%5D=1286191,artist_or_collection_page,artmajeur.com
f86f7f65b5a8,images_512/artmajeur/f86f7f65b5a8.jpg,爱猫爱狗爱宠物,"Love Cats, Love Dogs, Love Pets",https://www.artmajeur.com/zh/yi-shu-pin/hui-hua,artist_or_collection_page,artmajeur.com
1312bd181e76,images_512/artmajeur/1312bd181e76.jpg,找到你的光芒,Trouve ta lumière,https://www.artmajeur.com/antoine-alran?view=grid&collections%5B%5D=2199799,artist_or_collection_page,artmajeur.com
8504dfc707f1,images_512/artmajeur/8504dfc707f1.jpg,存在危机,Existential Crisis,https://www.artmajeur.com/milos-hronec?view=grid&collections%5B%5D=2390674,artist_or_collection_page,artmajeur.com
f28e323f6f07,images_512/artmajeur/f28e323f6f07.jpg,奇妙的飞翔,Marvelous Flight,https://www.artmajeur.com/picrate?view=grid&collections%5B%5D=1775407,artist_or_collection_page,artmajeur.com
3dc81be3aee9,images_512/artmajeur/3dc81be3aee9.jpg,一段未指明的焦虑片段,An Unspecified Fragment of Anxiety,https://www.artmajeur.com/zh/yi-shu-pin/hui-hua,artist_or_collection_page,artmajeur.com
4c8e20323835,images_512/artmajeur/4c8e20323835.jpg,生存还是毁灭 II,To Be or Not to Be II,https://www.artmajeur.com/zh/yi-shu-pin/hui-hua,artist_or_collection_page,artmajeur.com
14b6eeb1d5ce,images_512/artmajeur/14b6eeb1d5ce.jpg,涡轮爱国者的政治提议,Political Proposal of the Turbine Patriot,https://www.artmajeur.com/dags-vidulejs?view=grid&collections%5B%5D=2194390,artist_or_collection_page,artmajeur.com
4c717b62cd99,images_512/artmajeur/4c717b62cd99.jpg,好好学习,Study Hard,https://www.artmajeur.com/zh/yi-shu-pin/hui-hua,artist_or_collection_page,artmajeur.com
0c006cf8053d,images_512/artmajeur/0c006cf8053d.jpg,世界是一个大家庭,The World is One Big Family,https://www.artmajeur.com/picrate?view=grid&collections%5B%5D=1775407,artist_or_collection_page,artmajeur.com
1e1fac09ec6a,images_512/artmajeur/1e1fac09ec6a.jpg,骗子,Liar,https://www.artmajeur.com/milos-hronec?view=grid&collections%5B%5D=2390674,artist_or_collection_page,artmajeur.com
1278288f5df4,images_512/artmajeur/1278288f5df4.jpg,沐浴中的黛安,Diana Bathing,https://www.artmajeur.com/alain-vintenon?view=grid&collections%5B%5D=2312140,artist_or_collection_page,artmajeur.com
4aab7939c10d,images_512/artmajeur/4aab7939c10d.jpg,共生,Symbiosis,https://www.artmajeur.com/jean-humbert-savoldelli?view=grid&collections%5B%5D=1607818,artist_or_collection_page,artmajeur.com
cb818bb33886,images_512/artmajeur/cb818bb33886.jpg,互惠,Reciprocity,https://www.artmajeur.com/robert-van-den-herik?view=grid&collections%5B0%5D=1744639&page=2,artist_or_collection_page,artmajeur.com
a07976bbfe5f,images_512/artmajeur/a07976bbfe5f.jpg,巅峰,Peak,https://www.artmajeur.com/zh/yi-shu-pin/hui-hua,artist_or_collection_page,artmajeur.com
2bb48deea443,images_512/artmajeur/2bb48deea443.jpg,永恒的影响,Eternal Influence,https://www.artmajeur.com/dags-vidulejs?view=grid&collections%5B%5D=2194390,artist_or_collection_page,artmajeur.com
0b2b92989712,images_512/artmajeur/0b2b92989712.jpg,生命节奏,Rhythm of Life,https://www.artmajeur.com/nga-tran?view=grid&collections%5B%5D=2287606,artist_or_collection_page,artmajeur.com
b29fc468059d,images_512/artmajeur/b29fc468059d.jpg,斗牛士,Matador,https://www.artmajeur.com/jean-humbert-savoldelli?view=grid&collections%5B%5D=1607818,artist_or_collection_page,artmajeur.com
df6fef0c8fff,images_512/artmajeur/df6fef0c8fff.jpg,美丽的小瞬间,Beautiful Little Moment,https://www.artmajeur.com/milos-hronec?view=grid&collections%5B%5D=2390674,artist_or_collection_page,artmajeur.com
cf52f1ad0b48,images_512/artmajeur/cf52f1ad0b48.jpg,日食,Eclipse,https://www.artmajeur.com/annabelle-amory?view=grid&collections%5B%5D=2064842,artist_or_collection_page,artmajeur.com
429f6fb5a363,images_512/artmajeur/429f6fb5a363.jpg,你在沉默中哭泣,Crying in Silence,https://www.artmajeur.com/zh/yi-shu-pin/hui-hua,artist_or_collection_page,artmajeur.com
eb4303a8bb3c,images_512/artmajeur/eb4303a8bb3c.jpg,金色回声,Golden Echo,https://www.artmajeur.com/senchenko?view=grid&collections%5B%5D=1872680,artist_or_collection_page,artmajeur.com
e28f63fde1bf,images_512/artmajeur/e28f63fde1bf.jpg,金色降临,Golden Arrival,https://www.artmajeur.com/senchenko?view=grid&collections%5B%5D=1872680,artist_or_collection_page,artmajeur.com
4e22cb6f04b9,images_512/artmajeur/4e22cb6f04b9.jpg,馊主意,Bad Idea,https://www.artmajeur.com/zh/yi-shu-pin/hui-hua,artist_or_collection_page,artmajeur.com
42dbb4c4a1c4,images_512/artmajeur/42dbb4c4a1c4.jpg,武松与虎斗,Wu Song Fights the Tiger,https://www.artmajeur.com/zh/yi-shu-pin/hui-hua,artist_or_collection_page,artmajeur.com
c288e629c7a8,images_512/artmajeur/c288e629c7a8.jpg,回家的路上,On the Way Home,https://www.artmajeur.com/robert-van-den-herik?view=grid&collections%5B0%5D=1744639&page=2,artist_or_collection_page,artmajeur.com
b6c2cdc191a6,images_512/artmajeur/b6c2cdc191a6.jpg,美丽无处不在,Beauty Is Everywhere,https://www.artmajeur.com/ganiyat-abdulazeez?view=grid&collections%5B%5D=2121668,artist_or_collection_page,artmajeur.com
2a946166afb9,images_512/artmajeur/2a946166afb9.jpg,了不起的父母,Remarkable Parents,https://www.artmajeur.com/picrate?view=grid&collections%5B%5D=1775407,artist_or_collection_page,artmajeur.com
01cf68b3e4d7,images_512/artmajeur/01cf68b3e4d7.jpg,逆风,Against the Wind,https://www.artmajeur.com/jean-humbert-savoldelli?view=grid&collections%5B%5D=1607818,artist_or_collection_page,artmajeur.com
aa04d3a59666,images_512/artmajeur/aa04d3a59666.jpg,昨晚回家晚了,Got Home Late Last Night,https://www.artmajeur.com/robert-van-den-herik?view=grid&collections%5B0%5D=1744639&page=2,artist_or_collection_page,artmajeur.com
3a775e620d08,images_512/artmajeur/3a775e620d08.jpg,拙劣的时光,Awkward Times,https://www.artmajeur.com/zh/yi-shu-pin/hui-hua,artist_or_collection_page,artmajeur.com
7abd4bc6b427,images_512/artmajeur/7abd4bc6b427.jpg,交错舞步,Interlaced Dance Steps,https://www.artmajeur.com/jean-humbert-savoldelli?view=grid&collections%5B%5D=1607818,artist_or_collection_page,artmajeur.com
0c4c376fd752,images_512/artmajeur/0c4c376fd752.jpg,在无花果树荫下,In the Shade of the Fig Tree,https://www.artmajeur.com/alain-vintenon?view=grid&collections%5B%5D=2312140,artist_or_collection_page,artmajeur.com
a00325882fb9,images_512/artmajeur/a00325882fb9.jpg,手势,Gesture,https://www.artmajeur.com/zh/yi-shu-pin?hybrid_query=%20Viktor%20Sheleg%20,artist_or_collection_page,artmajeur.com
e12380e35ca6,images_512/artmajeur/e12380e35ca6.jpg,牛头怪,Minotaur,https://www.artmajeur.com/zh/yi-shu-pin/hui-hua,artist_or_collection_page,artmajeur.com
21b748333617,images_512/artmajeur/21b748333617.jpg,圣诞童话,CHRISTMAS FAIRY TALE,https://www.artmajeur.com/dags-vidulejs?view=grid&collections%5B%5D=2194390,artist_or_collection_page,artmajeur.com
24ba661732cd,images_512/artmajeur/24ba661732cd.jpg,邻居的日常生活,EVERY DAY LIFE of NEIGHBORS,https://www.artmajeur.com/dags-vidulejs?view=grid&collections%5B%5D=2194390,artist_or_collection_page,artmajeur.com
24fdad87bf82,images_512/artmajeur/24fdad87bf82.jpg,被遗忘的玩具,Forgotten Toys,https://www.artmajeur.com/zh/yi-shu-pin/hui-hua,artist_or_collection_page,artmajeur.com
37c03019096a,images_512/artmajeur/37c03019096a.jpg,关于人和鸟,About Humans and Birds,https://www.artmajeur.com/igor-shulman?view=grid&collections%5B%5D=1286191,artist_or_collection_page,artmajeur.com
b38ea6b2f3f9,images_512/artmajeur/b38ea6b2f3f9.jpg,吻,Kiss,https://www.artmajeur.com/jean-humbert-savoldelli?view=grid&collections%5B%5D=1607818,artist_or_collection_page,artmajeur.com
242613ff3ffe,images_512/artmajeur/242613ff3ffe.jpg,死亡的快乐马戏团再次来到镇上,The Happy Circus of Death Comes to Town Again,https://www.artmajeur.com/zh/yi-shu-pin?hybrid_query=%20Viktor%20Sheleg%20,artist_or_collection_page,artmajeur.com
bd2e9a0420fb,images_512/artmajeur/bd2e9a0420fb.jpg,情侣,Couple,https://www.artmajeur.com/zh/yi-shu-pin/hui-hua,artist_or_collection_page,artmajeur.com
24f730159543,images_512/artmajeur/24f730159543.jpg,丘比特与蓝鸟,Cupid and the Bluebird,https://www.artmajeur.com/picrate?view=grid&collections%5B%5D=1775407,artist_or_collection_page,artmajeur.com
25e948ee6e29,images_512/artmajeur/25e948ee6e29.jpg,金婚庆典,Golden Wedding Celebration,https://www.artmajeur.com/jean-humbert-savoldelli?view=grid&collections%5B%5D=1607818,artist_or_collection_page,artmajeur.com
edc0c121e913,images_512/artmajeur/edc0c121e913.jpg,亲密的幸福感,Intimate Happiness,https://www.artmajeur.com/milos-hronec?view=grid&collections%5B%5D=2390674,artist_or_collection_page,artmajeur.com
2ebc385753bb,images_512/artmajeur/2ebc385753bb.jpg,向上,Vers le haut,https://www.artmajeur.com/antoine-alran?view=grid&collections%5B%5D=2199799,artist_or_collection_page,artmajeur.com
54820674c2de,images_512/artmajeur/54820674c2de.jpg,马拉巴尔的时光,Time in Malabar,https://www.artmajeur.com/ta00?view=grid&collections%5B0%5D=2214331&page=1,artist_or_collection_page,artmajeur.com
55552ff4cf01,images_512/artmajeur/55552ff4cf01.jpg,水果碗,Fruit Bowl,https://www.artmajeur.com/zh/yi-shu-pin/hui-hua,artist_or_collection_page,artmajeur.com
824073da84f8,images_512/artmajeur/824073da84f8.jpg,催眠,Hypnosis,https://www.artmajeur.com/claire-denarie-soffietti?view=grid&collections%5B%5D=2130209,artist_or_collection_page,artmajeur.com
fbb6afb33008,images_512/artmajeur/fbb6afb33008.jpg,跟随我,Follow Me,https://www.artmajeur.com/jean-humbert-savoldelli?view=grid&collections%5B%5D=1607818,artist_or_collection_page,artmajeur.com
feb7cc752aeb,images_512/artmajeur/feb7cc752aeb.jpg,光辉者,The Luminous One,https://www.artmajeur.com/robert-van-den-herik?view=grid&collections%5B0%5D=1744639&page=2,artist_or_collection_page,artmajeur.com
e8a22fc271c3,images_512/artmajeur/e8a22fc271c3.jpg,牛&羊&马,"Cattle, Sheep, and Horse",https://www.artmajeur.com/zh/yi-shu-pin/hui-hua,artist_or_collection_page,artmajeur.com
6e4f70e87e2a,images_512/artmajeur/6e4f70e87e2a.jpg,双胞胎,Twins,https://www.artmajeur.com/zh/yi-shu-pin/hui-hua,artist_or_collection_page,artmajeur.com
698916fa730e,images_512/artmajeur/698916fa730e.jpg,恐惧与美丽,Fear and Beauty,https://www.artmajeur.com/milos-hronec?view=grid&collections%5B%5D=2390674,artist_or_collection_page,artmajeur.com
0b504a914864,images_512/artmajeur/0b504a914864.jpg,孤独的十三种形式,Thirteen Forms of Loneliness,https://www.artmajeur.com/milos-hronec?view=grid&collections%5B%5D=2390674,artist_or_collection_page,artmajeur.com
49491744a221,images_512/artmajeur/49491744a221.jpg,欧盟议会. 真理部,European Parliament: Ministry of Truth,https://www.artmajeur.com/dags-vidulejs?view=grid&collections%5B%5D=2194390,artist_or_collection_page,artmajeur.com
b6a9dd8b160d,images_512/artmajeur/b6a9dd8b160d.jpg,多肉植物,Succulents,https://www.artmajeur.com/milos-hronec?view=grid&collections%5B%5D=2390674,artist_or_collection_page,artmajeur.com
63f27c874c93,images_512/artmajeur/63f27c874c93.jpg,衰亡与重生,Decline and Rebirth,https://www.artmajeur.com/senchenko?view=grid&collections%5B%5D=1872680,artist_or_collection_page,artmajeur.com
44b1f11fdaae,images_512/artmajeur/44b1f11fdaae.jpg,三重奏,Trio,https://www.artmajeur.com/jean-luc-michon?view=grid&collections%5B%5D=2220361,artist_or_collection_page,artmajeur.com
4740a2f42eaa,images_512/artmajeur/4740a2f42eaa.jpg,祷,Prayer,https://www.artmajeur.com/zh/yi-shu-pin/hui-hua,artist_or_collection_page,artmajeur.com
5ddc1f67ecc3,images_512/artmajeur/5ddc1f67ecc3.jpg,月之泪,Tears of the Moon,https://www.artmajeur.com/jean-humbert-savoldelli?view=grid&collections%5B%5D=1607818,artist_or_collection_page,artmajeur.com
315a945823c3,images_512/artmajeur/315a945823c3.jpg,乡村的一部分,A Part of the Countryside,https://www.artmajeur.com/zh/yi-shu-pin/hui-hua,artist_or_collection_page,artmajeur.com
5cc9e4ef008b,images_512/artmajeur/5cc9e4ef008b.jpg,建筑纹理 2025,Architectural Texture 2025,https://www.artmajeur.com/jean-humbert-savoldelli?view=grid&collections%5B%5D=1607818,artist_or_collection_page,artmajeur.com
a2cddf0e6eeb,images_512/artmajeur/a2cddf0e6eeb.jpg,自我之蚀,Eclipse of the Self,https://www.artmajeur.com/bogdan-dide?view=grid&collections%5B%5D=1714582,artist_or_collection_page,artmajeur.com
ae1f62637d2b,images_512/artmajeur/ae1f62637d2b.jpg,爵士乐队 1,Jazz Band 1,https://www.artmajeur.com/jean-luc-michon?view=grid&collections%5B%5D=2220361,artist_or_collection_page,artmajeur.com
27f70741ed56,images_512/artmajeur/27f70741ed56.jpg,我爱你,Ti Amo,https://www.artmajeur.com/antoine-alran?view=grid&collections%5B%5D=2199799,artist_or_collection_page,artmajeur.com
b7968aedadc5,images_512/artmajeur/b7968aedadc5.jpg,花卉节奏,Floral Rhythm,https://www.artmajeur.com/senchenko?view=grid&collections%5B%5D=1872680,artist_or_collection_page,artmajeur.com
87616f06a1b7,images_512/artmajeur/87616f06a1b7.jpg,旅行的艺术,The Art of Travel,https://www.artmajeur.com/robert-van-den-herik?view=grid&collections%5B0%5D=1744639&page=2,artist_or_collection_page,artmajeur.com
a033b6741022,images_512/artmajeur/a033b6741022.jpg,异恐症,异恐症,https://www.artmajeur.com/dags-vidulejs?view=grid&collections%5B%5D=2194390,artist_or_collection_page,artmajeur.com
3c9507b98c9a,images_512/artmajeur/3c9507b98c9a.jpg,橄榄树,Olive Tree,https://www.artmajeur.com/manolis-maridakis?view=grid&collections%5B%5D=2471758,artist_or_collection_page,artmajeur.com
fdeb5e436b16,images_512/artmajeur/fdeb5e436b16.jpg,埃隆·马斯克推特带来言论自由的希望,Elon Musk's Twitter Brings Hope for Free Speech,https://www.artmajeur.com/dags-vidulejs?view=grid&collections%5B%5D=2194390,artist_or_collection_page,artmajeur.com
da0956903985,images_512/artmajeur/da0956903985.jpg,原子战争后的欧盟社会,Post-Atomic War European Union Society,https://www.artmajeur.com/dags-vidulejs?view=grid&collections%5B%5D=2194390,artist_or_collection_page,artmajeur.com
feda6912b8fb,images_512/artmajeur/feda6912b8fb.jpg,我的美丽花园！,My Beautiful Garden!,https://www.artmajeur.com/zh/yi-shu-pin/hui-hua,artist_or_collection_page,artmajeur.com
2957000c7eb1,images_512/artmajeur/2957000c7eb1.jpg,爸爸的喇叭,Dad’s Trumpet,https://www.artmajeur.com/igor-shulman?view=grid&collections%5B%5D=1286191,artist_or_collection_page,artmajeur.com
80706b0a7e10,images_512/artmajeur/80706b0a7e10.jpg,集市,Market,https://www.artmajeur.com/zh/yi-shu-pin/hui-hua,artist_or_collection_page,artmajeur.com
d5a7c286c606,images_512/artmajeur/d5a7c286c606.jpg,酷女孩_酷普桑_天才女孩,"Cool Girl, Cool Pusan, Genius Girl",https://www.artmajeur.com/dags-vidulejs?view=grid&collections%5B%5D=2194390,artist_or_collection_page,artmajeur.com
550dec6accd8,images_512/artmajeur/550dec6accd8.jpg,爬行动物,Reptile,https://www.artmajeur.com/milos-hronec?view=grid&collections%5B%5D=2390674,artist_or_collection_page,artmajeur.com
01eedc4f0bde,images_512/artmajeur/01eedc4f0bde.jpg,轻盈的心,Light Heart,https://www.artmajeur.com/picrate?view=grid&collections%5B%5D=1775407,artist_or_collection_page,artmajeur.com
ffc7dd833b1f,images_512/artmajeur/ffc7dd833b1f.jpg,飞鱼,Flying Fish,https://www.artmajeur.com/picrate?view=grid&collections%5B%5D=1775407,artist_or_collection_page,artmajeur.com
479fd5f57272,images_512/artmajeur/479fd5f57272.jpg,酒精狂热,Alcohol Frenzy,https://www.artmajeur.com/milos-hronec?view=grid&collections%5B%5D=2390674,artist_or_collection_page,artmajeur.com
041d78b3fe74,images_512/artmajeur/041d78b3fe74.jpg,月落大道,Moonlit Avenue,https://www.artmajeur.com/robert-van-den-herik?view=grid&collections%5B0%5D=1744639&page=2,artist_or_collection_page,artmajeur.com
00efdeeb5602,images_512/artmajeur/00efdeeb5602.jpg,暗潮,Undercurrent,https://www.artmajeur.com/obey-shepard-fairey,artist_or_collection_page,artmajeur.com
28c19f39268b,images_512/artmajeur/28c19f39268b.jpg,黎明,Dawn,https://www.artmajeur.com/nga-tran?view=grid&collections%5B%5D=2287606,artist_or_collection_page,artmajeur.com
9c85df9ec3f4,images_512/artmajeur/9c85df9ec3f4.jpg,海上的黎明,Dawn at Sea,https://www.artmajeur.com/zh/yi-shu-pin/hui-hua,artist_or_collection_page,artmajeur.com
853726305a18,images_512/artmajeur/853726305a18.jpg,快乐,Joy,https://www.artmajeur.com/annabelle-amory?view=grid&collections%5B%5D=2064842,artist_or_collection_page,artmajeur.com
f303b15c874f,images_512/artmajeur/f303b15c874f.jpg,锁闭,Enclosure,https://www.artmajeur.com/zh/yi-shu-pin/hui-hua,artist_or_collection_page,artmajeur.com
d5e60afbccdb,images_512/artmajeur/d5e60afbccdb.jpg,自由金笼,Golden Cage of Freedom,https://www.artmajeur.com/zh/yi-shu-pin/hui-hua,artist_or_collection_page,artmajeur.com
23b89883c51a,images_512/artmajeur/23b89883c51a.jpg,粉彩幻想,Pastel Fantasy,https://www.artmajeur.com/senchenko?view=grid&collections%5B%5D=1872680,artist_or_collection_page,artmajeur.com
239837aad780,images_512/artmajeur/239837aad780.jpg,晨曦,Dawn,https://haiyang.artron.net/works_index_1; https://www.artmajeur.com/ta00?view=grid&collections%5B0%5D=2214331&page=1,artist_or_collection_page,artmajeur.com; haiyang.artron.net
fc34ffd73288,images_512/artmajeur/fc34ffd73288.jpg,人性生命探戈,HUMANITY LIFE TANGO,https://www.artmajeur.com/dags-vidulejs?view=grid&collections%5B%5D=2194390,artist_or_collection_page,artmajeur.com
2b5451ec845e,images_512/artmajeur/2b5451ec845e.jpg,不是最好的肖像。,Not the Best Portrait,https://www.artmajeur.com/igor-shulman?view=grid&collections%5B%5D=1286191,artist_or_collection_page,artmajeur.com
bfa34097d572,images_512/artmajeur/bfa34097d572.jpg,救命,Lifesaver,https://www.artmajeur.com/igor-shulman?view=grid&collections%5B%5D=1286191,artist_or_collection_page,artmajeur.com
ec449caa9784,images_512/artmajeur/ec449caa9784.jpg,琼斯夫人 1,Mrs. Jones 1,https://www.artmajeur.com/jean-luc-michon?view=grid&collections%5B%5D=2220361,artist_or_collection_page,artmajeur.com
15fc1a0c70f3,images_512/artmajeur/15fc1a0c70f3.jpg,她的色彩在他的世界里。风格的结合。,Her Colors in His World: A Fusion of Styles,https://www.artmajeur.com/robert-van-den-herik?view=grid&collections%5B0%5D=1744639&page=2,artist_or_collection_page,artmajeur.com
b9a212f5a0a3,images_512/artmajeur/b9a212f5a0a3.jpg,启迪之街,Street of Inspiration,https://www.artmajeur.com/robert-van-den-herik?view=grid&collections%5B0%5D=1744639&page=2,artist_or_collection_page,artmajeur.com
ae0752678846,images_512/artmajeur/ae0752678846.jpg,黑色之美,The Beauty of Black,https://www.artmajeur.com/oluwapelumi-olaosun?view=grid&collections%5B%5D=2301889,artist_or_collection_page,artmajeur.com
177248a0aa54,images_512/artmajeur/177248a0aa54.jpg,把飞鱼关进笼子里,Caging the Flying Fish,https://www.artmajeur.com/zh/yi-shu-pin/hui-hua,artist_or_collection_page,artmajeur.com
97ed6cda79b4,images_512/artmajeur/97ed6cda79b4.jpg,耐心,Patient,https://www.artmajeur.com/annabelle-amory?view=grid&collections%5B%5D=2064842,artist_or_collection_page,artmajeur.com
98f4318bd9cd,images_512/artmajeur/98f4318bd9cd.jpg,在不同世界间漫游,Wandering Between Worlds,https://www.artmajeur.com/robert-van-den-herik?view=grid&collections%5B0%5D=1744639&page=2,artist_or_collection_page,artmajeur.com
3a46f877074a,images_512/artmajeur/3a46f877074a.jpg,意外,Accident,https://www.artmajeur.com/milos-hronec?view=grid&collections%5B%5D=2390674,artist_or_collection_page,artmajeur.com
e74553f57e8e,images_512/artmajeur/e74553f57e8e.jpg,上瘾 5,Addiction 5,https://www.artmajeur.com/jean-luc-michon?view=grid&collections%5B%5D=2220361,artist_or_collection_page,artmajeur.com
c53eb2a3583f,images_512/artmajeur/c53eb2a3583f.jpg,入侵者,Intruder,https://www.artmajeur.com/zh/yi-shu-pin/hui-hua,artist_or_collection_page,artmajeur.com
00c441a09cf5,images_512/artmajeur/00c441a09cf5.jpg,教父 1,The Godfather 1,https://www.artmajeur.com/jean-luc-michon?view=grid&collections%5B%5D=2220361,artist_or_collection_page,artmajeur.com
f7513c4b7f7f,images_512/artmajeur/f7513c4b7f7f.jpg,爱丽丝,Alice,https://www.artmajeur.com/annabelle-amory?view=grid&collections%5B%5D=2064842,artist_or_collection_page,artmajeur.com
0bc527998d55,images_512/artmajeur/0bc527998d55.jpg,保护的海岸线,Protected Coastline,https://www.artmajeur.com/robert-van-den-herik?view=grid&collections%5B0%5D=1744639&page=2,artist_or_collection_page,artmajeur.com
d55f65df7a2d,images_512/artmajeur/d55f65df7a2d.jpg,不可得性,Unattainability,https://www.artmajeur.com/milos-hronec?view=grid&collections%5B%5D=2390674,artist_or_collection_page,artmajeur.com
45d0ccf60698,images_512/artmajeur/45d0ccf60698.jpg,胜利,Victory,https://www.artmajeur.com/milos-hronec?view=grid&collections%5B%5D=2390674,artist_or_collection_page,artmajeur.com
743923a7bf97,images_512/artmajeur/743923a7bf97.jpg,死亡之美,Beauty of Death,https://www.artmajeur.com/milos-hronec?view=grid&collections%5B%5D=2390674,artist_or_collection_page,artmajeur.com
1da515468f53,images_512/artmajeur/1da515468f53.jpg,恐龙,Dinosaur,https://www.artmajeur.com/milos-hronec?view=grid&collections%5B%5D=2390674,artist_or_collection_page,artmajeur.com
0cb8281a6340,images_512/artmajeur/0cb8281a6340.jpg,行走的道路,The Road Walked,https://www.artmajeur.com/jean-humbert-savoldelli?view=grid&collections%5B%5D=1607818,artist_or_collection_page,artmajeur.com
638a73151923,images_512/artmajeur/638a73151923.jpg,童年回忆,Childhood Memories,https://www.artmajeur.com/milos-hronec?view=grid&collections%5B%5D=2390674,artist_or_collection_page,artmajeur.com
50a82e02bdcb,images_512/artmajeur/50a82e02bdcb.jpg,救命，爸爸,"Help, Dad",https://www.artmajeur.com/zh/yi-shu-pin/hui-hua,artist_or_collection_page,artmajeur.com
27f77a412f5b,images_512/artmajeur/27f77a412f5b.jpg,项目_车站_ #18,Project Station #18,https://www.artmajeur.com/igor-shulman?view=grid&collections%5B%5D=1286191,artist_or_collection_page,artmajeur.com
d0fc09c944a0,images_512/artmajeur/d0fc09c944a0.jpg,名牌,Famous Brand,https://www.artmajeur.com/zh/yi-shu-pin/hui-hua,artist_or_collection_page,artmajeur.com
f15cf677e4db,images_512/artmajeur/f15cf677e4db.jpg,表象与透明（几何系列）,Appearance and Transparency (Geometric Series),https://www.artmajeur.com/jean-humbert-savoldelli?view=grid&collections%5B%5D=1607818,artist_or_collection_page,artmajeur.com
b07e178970f7,images_512/artmajeur/b07e178970f7.jpg,大地灵魂 1,大地灵魂 1,https://www.artmajeur.com/zh/yi-shu-pin/hui-hua,artist_or_collection_page,artmajeur.com
738e26e9da4b,images_512/artmajeur/738e26e9da4b.jpg,光之印记,Imprint of Light,https://www.artmajeur.com/zh/yi-shu-pin/hui-hua,artist_or_collection_page,artmajeur.com
87a73bb5c9d3,images_512/artmajeur/87a73bb5c9d3.jpg,命运中的时区,Time Zones of Fate,https://www.artmajeur.com/oluwapelumi-olaosun?view=grid&collections%5B%5D=2301889,artist_or_collection_page,artmajeur.com
4d82ca84cd23,images_512/artmajeur/4d82ca84cd23.jpg,逆流而上！,Against the Current!,https://www.artmajeur.com/zh/yi-shu-pin/hui-hua,artist_or_collection_page,artmajeur.com
b7fbd2171438,images_512/artmajeur/b7fbd2171438.jpg,优越动物 狗记者,Superior Animal: Dog Reporter,https://www.artmajeur.com/zh/yi-shu-pin/hui-hua,artist_or_collection_page,artmajeur.com
5ca8137ec1fb,images_512/artmajeur/5ca8137ec1fb.jpg,阳光窗与瀑布,Sunlit Window and Waterfall,https://www.artmajeur.com/ta00?view=grid&collections%5B0%5D=2214331&page=1,artist_or_collection_page,artmajeur.com
8015eee85c20,images_512/artmajeur/8015eee85c20.jpg,相信不可能,Believe the Impossible,https://www.artmajeur.com/picrate?view=grid&collections%5B%5D=1775407,artist_or_collection_page,artmajeur.com
3e6107998d5b,images_512/artmajeur/3e6107998d5b.jpg,光,Luce,https://www.artmajeur.com/elisa-de-montis?view=grid&collections%5B%5D=2450866,artist_or_collection_page,artmajeur.com
9ee9010c96e9,images_512/artmajeur/9ee9010c96e9.jpg,挑着扁担的母亲,Mother Carrying a Shoulder Pole,https://www.artmajeur.com/nga-tran?view=grid&collections%5B%5D=2287606,artist_or_collection_page,artmajeur.com
e7fa6fec758e,images_512/artmajeur/e7fa6fec758e.jpg,火车工,Train Worker,https://www.artmajeur.com/zh/yi-shu-pin/hui-hua,artist_or_collection_page,artmajeur.com
5d9002e19d76,images_512/artmajeur/5d9002e19d76.jpg,树是通道,Trees Are Portals,https://www.artmajeur.com/robert-van-den-herik?view=grid&collections%5B0%5D=1744639&page=2,artist_or_collection_page,artmajeur.com
7d6b6daa25ee,images_512/artmajeur/7d6b6daa25ee.jpg,云豹,Clouded Leopard,https://www.artmajeur.com/bogdan-dide?view=grid&collections%5B%5D=1714582,artist_or_collection_page,artmajeur.com
336a7488f17c,images_512/artmajeur/336a7488f17c.jpg,在乔万泉的沐浴,Bathing at Qiaowan Spring,https://www.artmajeur.com/alain-vintenon?view=grid&collections%5B%5D=2312140,artist_or_collection_page,artmajeur.com
bdfe89b7480e,images_512/artmajeur/bdfe89b7480e.jpg,在梦的波涛中翱翔,Soaring in the Waves of Dreams,https://www.artmajeur.com/zh/yi-shu-pin/hui-hua,artist_or_collection_page,artmajeur.com
32cddc9cd852,images_512/artmajeur/32cddc9cd852.jpg,黑暗,Darkness,https://www.artmajeur.com/jean-humbert-savoldelli?view=grid&collections%5B%5D=1607818,artist_or_collection_page,artmajeur.com
9cf69d805f56,images_512/artmajeur/9cf69d805f56.jpg,《丑角》,Clown,https://www.artmajeur.com/zh/yi-shu-pin/hui-hua,artist_or_collection_page,artmajeur.com
eb62df0eaf42,images_512/artmajeur/eb62df0eaf42.jpg,瘟疫降临,The Plague Arrives,https://www.artmajeur.com/zh/yi-shu-pin/hui-hua,artist_or_collection_page,artmajeur.com
867b4a6c8fbe,images_512/artmajeur/867b4a6c8fbe.jpg,痛苦,Pain,https://www.artmajeur.com/milos-hronec?view=grid&collections%5B%5D=2390674,artist_or_collection_page,artmajeur.com
d151d21d8c93,images_512/artmajeur/d151d21d8c93.jpg,快乐舞蹈,Happy Dance,https://www.artmajeur.com/milos-hronec?view=grid&collections%5B%5D=2390674,artist_or_collection_page,artmajeur.com
fd5edd2aa3ce,images_512/artmajeur/fd5edd2aa3ce.jpg,自然之路,Path of Nature,https://www.artmajeur.com/senchenko?view=grid&collections%5B%5D=1872680,artist_or_collection_page,artmajeur.com
ac85439bbd31,images_512/artmajeur/ac85439bbd31.jpg,痛苦的个性解体,Painful Depersonalization,https://www.artmajeur.com/milos-hronec?view=grid&collections%5B%5D=2390674,artist_or_collection_page,artmajeur.com
577062aa1b17,images_512/artmajeur/577062aa1b17.jpg,身体与灵魂,Body and Soul,https://www.artmajeur.com/zh/yi-shu-pin/hui-hua,artist_or_collection_page,artmajeur.com
7a7fbbe27bf0,images_512/artmajeur/7a7fbbe27bf0.jpg,永恒的遗憾,Eternal Regret,https://www.artmajeur.com/zh/yi-shu-pin/hui-hua,artist_or_collection_page,artmajeur.com
03c4c09931d2,images_512/artmajeur/03c4c09931d2.jpg,幸福的小鸟,Happy Little Bird,https://www.artmajeur.com/picrate?view=grid&collections%5B%5D=1775407,artist_or_collection_page,artmajeur.com
d86a6c68da14,images_512/artmajeur/d86a6c68da14.jpg,甜美花园,Sweet Garden,https://www.artmajeur.com/jean-humbert-savoldelli?view=grid&collections%5B%5D=1607818,artist_or_collection_page,artmajeur.com
be1261ccc390,images_512/artmajeur/be1261ccc390.jpg,古法航行,Ancient Navigation,https://www.artmajeur.com/picrate?view=grid&collections%5B%5D=1775407,artist_or_collection_page,artmajeur.com
4950385295e8,images_512/artmajeur/4950385295e8.jpg,只剩下欧洲，再次是革命,"Il ne reste plus que l'EUROPE, c'est à nouveau la Révolution",https://www.artmajeur.com/dags-vidulejs?view=grid&collections%5B%5D=2194390,artist_or_collection_page,artmajeur.com
6095f4d7a743,images_512/artmajeur/6095f4d7a743.jpg,在山丘上行走,Walking on the Hills,https://www.artmajeur.com/igor-shulman?view=grid&collections%5B%5D=1286191,artist_or_collection_page,artmajeur.com
d9a173e1628b,images_512/artmajeur/d9a173e1628b.jpg,作为整体的一部分,Part of the Whole,https://www.artmajeur.com/robert-van-den-herik?view=grid&collections%5B0%5D=1744639&page=2,artist_or_collection_page,artmajeur.com
f1a49f8b0fc8,images_512/artmajeur/f1a49f8b0fc8.jpg,河上的日出,Sunrise over the River,https://www.artmajeur.com/nga-tran?view=grid&collections%5B%5D=2287606,artist_or_collection_page,artmajeur.com
1b88d140f870,images_512/artmajeur/1b88d140f870.jpg,失落星辰的追寻,La quête d’un astre perdu,https://www.artmajeur.com/chloe-kaemmerer?view=grid&collections%5B%5D=2320546,artist_or_collection_page,artmajeur.com
e2bcfbd50bd1,images_512/artmajeur/e2bcfbd50bd1.jpg,游戏,Game,https://www.artmajeur.com/jean-humbert-savoldelli?view=grid&collections%5B%5D=1607818,artist_or_collection_page,artmajeur.com
3f4d866d8210,images_512/artmajeur/3f4d866d8210.jpg,繁茂,Flourishing,https://www.artmajeur.com/jean-humbert-savoldelli?view=grid&collections%5B%5D=1607818,artist_or_collection_page,artmajeur.com
5c8a823a1628,images_512/artmajeur/5c8a823a1628.jpg,自然的脉动,Pulse of Nature,https://www.artmajeur.com/senchenko?view=grid&collections%5B%5D=1872680,artist_or_collection_page,artmajeur.com
27ed1b1b7073,images_512/artmajeur/27ed1b1b7073.jpg,离谱的红色残余,Absurd Red Remnants,https://www.artmajeur.com/zh/yi-shu-pin/hui-hua,artist_or_collection_page,artmajeur.com
d0ed824d516f,images_512/artmajeur/d0ed824d516f.jpg,压力,Pressure,https://www.artmajeur.com/milos-hronec?view=grid&collections%5B%5D=2390674,artist_or_collection_page,artmajeur.com
a9ede2db8793,images_512/artmajeur/a9ede2db8793.jpg,喜悦,Joy,https://www.artmajeur.com/annabelle-amory?view=grid&collections%5B%5D=2064842,artist_or_collection_page,artmajeur.com
115e1244e766,images_512/artmajeur/115e1244e766.jpg,移民入侵,Immigrant Invasion,https://www.artmajeur.com/dags-vidulejs?view=grid&collections%5B%5D=2194390,artist_or_collection_page,artmajeur.com
07bdaa59625a,images_512/artmajeur/07bdaa59625a.jpg,整个宇宙,The Whole Universe,https://www.artmajeur.com/milos-hronec?view=grid&collections%5B%5D=2390674,artist_or_collection_page,artmajeur.com
ef4b4bde1c17,images_512/artmajeur/ef4b4bde1c17.jpg,加油泵,Fuel Pump,https://www.artmajeur.com/zh/yi-shu-pin/hui-hua,artist_or_collection_page,artmajeur.com
39873a36bcf9,images_512/artmajeur/39873a36bcf9.jpg,胜利之步,Step of Victory,https://www.artmajeur.com/manolis-maridakis?view=grid&collections%5B%5D=2471758,artist_or_collection_page,artmajeur.com
41e97cfdcf7d,images_512/artmajeur/41e97cfdcf7d.jpg,奉献,Dedication,https://www.artmajeur.com/milos-hronec?view=grid&collections%5B%5D=2390674,artist_or_collection_page,artmajeur.com
e0b220b5846c,images_512/artmajeur/e0b220b5846c.jpg,梦里的柠檬,Lemons in a Dream,https://www.artmajeur.com/claire-denarie-soffietti?view=grid&collections%5B%5D=2130209,artist_or_collection_page,artmajeur.com
b2e9ba943c98,images_512/artmajeur/b2e9ba943c98.jpg,治愈者也需要治愈,Healers Need Healing Too,https://www.artmajeur.com/ganiyat-abdulazeez?view=grid&collections%5B%5D=2121668,artist_or_collection_page,artmajeur.com
85f90c5f8af2,images_512/artmajeur/85f90c5f8af2.jpg,力量,Strength,https://www.artmajeur.com/obey-shepard-fairey,artist_or_collection_page,artmajeur.com
632097cca1de,images_512/artmajeur/632097cca1de.jpg,母亲斯瓦,Mother Sva,https://www.artmajeur.com/bogdan-dide?view=grid&collections%5B%5D=1714582,artist_or_collection_page,artmajeur.com
07d027dd41c4,images_512/artmajeur/07d027dd41c4.jpg,阳光中的故事,Story in the Sunlight,https://www.artmajeur.com/robert-van-den-herik?view=grid&collections%5B0%5D=1744639&page=2,artist_or_collection_page,artmajeur.com
748bb34ebcd9,images_512/artmajeur/748bb34ebcd9.jpg,一个错误,A Mistake,https://www.artmajeur.com/milos-hronec?view=grid&collections%5B%5D=2390674,artist_or_collection_page,artmajeur.com
799739f79c3f,images_512/artmajeur/799739f79c3f.jpg,抓住公牛的角,Prendre le taureau par les cornes,https://www.artmajeur.com/antoine-alran?view=grid&collections%5B%5D=2199799,artist_or_collection_page,artmajeur.com
5b11d0fc4518,images_512/artmajeur/5b11d0fc4518.jpg,分裂的人,Divided Man,https://www.artmajeur.com/milos-hronec?view=grid&collections%5B%5D=2390674,artist_or_collection_page,artmajeur.com
fa62a47efda1,images_512/artmajeur/fa62a47efda1.jpg,愚人类,Foolish Humanity,https://www.artmajeur.com/zh/yi-shu-pin/hui-hua,artist_or_collection_page,artmajeur.com
9aa30ffddf51,images_512/artmajeur/9aa30ffddf51.jpg,和平与混沌,Peace and Chaos,https://www.artmajeur.com/milos-hronec?view=grid&collections%5B%5D=2390674,artist_or_collection_page,artmajeur.com
752d3ecc01d4,images_512/artmajeur/752d3ecc01d4.jpg,他的秘密信息未被听见,His Secret Message Unheard,https://www.artmajeur.com/zh/yi-shu-pin/hui-hua,artist_or_collection_page,artmajeur.com
11ea18f629ba,images_512/artmajeur/11ea18f629ba.jpg,当时间成为偶像,When Time Becomes an Idol,https://www.artmajeur.com/oluwapelumi-olaosun?view=grid&collections%5B%5D=2301889,artist_or_collection_page,artmajeur.com
5d2e000b99ed,images_512/artmajeur/5d2e000b99ed.jpg,沉重的行李箱,Heavy Suitcase,https://www.artmajeur.com/igor-shulman?view=grid&collections%5B%5D=1286191,artist_or_collection_page,artmajeur.com
a23cc0280622,images_512/artmajeur/a23cc0280622.jpg,红色文艺复兴,Red Renaissance,https://www.artmajeur.com/zh/yi-shu-pin?hybrid_query=%20Viktor%20Sheleg%20,artist_or_collection_page,artmajeur.com
7a67b7debe77,images_512/artmajeur/7a67b7debe77.jpg,姐妹之爱,Sisterly Love,https://www.artmajeur.com/ganiyat-abdulazeez?view=grid&collections%5B%5D=2121668,artist_or_collection_page,artmajeur.com
e69a9936e666,images_512/artmajeur/e69a9936e666.jpg,描绘圆圈,Depicting Circles,https://www.artmajeur.com/zh/yi-shu-pin/hui-hua,artist_or_collection_page,artmajeur.com
982beaefa8b9,images_512/artmajeur/982beaefa8b9.jpg,缓解,Rémission,https://www.artmajeur.com/annabelle-amory?view=grid&collections%5B%5D=2064842,artist_or_collection_page,artmajeur.com
590fa755bc93,images_512/artmajeur/590fa755bc93.jpg,安静,Quiet,https://www.artmajeur.com/claire-denarie-soffietti?view=grid&collections%5B%5D=2130209,artist_or_collection_page,artmajeur.com
efe5131a57bc,images_512/artmajeur/efe5131a57bc.jpg,哺乳动物,Mammal,https://www.artmajeur.com/milos-hronec?view=grid&collections%5B%5D=2390674,artist_or_collection_page,artmajeur.com
ff71212c1d6f,images_512/artmajeur/ff71212c1d6f.jpg,如铅般的滋味,A Leaden Taste,https://www.artmajeur.com/jean-humbert-savoldelli?view=grid&collections%5B%5D=1607818,artist_or_collection_page,artmajeur.com
cf6b89c7b86b,images_512/artmajeur/cf6b89c7b86b.jpg,往昔的记忆,Memories of the Past,https://www.artmajeur.com/ganiyat-abdulazeez?view=grid&collections%5B%5D=2121668,artist_or_collection_page,artmajeur.com
9f87604a5cec,images_512/artmajeur/9f87604a5cec.jpg,过渡期,Transition Period,https://www.artmajeur.com/oluwapelumi-olaosun?view=grid&collections%5B%5D=2301889,artist_or_collection_page,artmajeur.com
ed50f3c2a5b9,images_512/artmajeur/ed50f3c2a5b9.jpg,疯狂的人,Madman,https://www.artmajeur.com/milos-hronec?view=grid&collections%5B%5D=2390674,artist_or_collection_page,artmajeur.com
4608fd34f358,images_512/artmajeur/4608fd34f358.jpg,美丽的白癜风女士,Beautiful Lady with Vitiligo,https://www.artmajeur.com/ganiyat-abdulazeez?view=grid&collections%5B%5D=2121668,artist_or_collection_page,artmajeur.com
2ea9c1d217a9,images_512/artmajeur/2ea9c1d217a9.jpg,天边草原的来客,Visitor from the Distant Grassland,https://www.artmajeur.com/zh/yi-shu-pin/hui-hua,artist_or_collection_page,artmajeur.com
14d14c27e978,images_512/artmajeur/14d14c27e978.jpg,幽灵,Phantom,https://www.artmajeur.com/zh/yi-shu-pin/hui-hua,artist_or_collection_page,artmajeur.com
abc40582ad32,images_512/artmajeur/abc40582ad32.jpg,正义,Justice,https://www.artmajeur.com/obey-shepard-fairey,artist_or_collection_page,artmajeur.com
23bc9e46b629,images_512/artmajeur/23bc9e46b629.jpg,如果我存在,Se io esisto,https://www.artmajeur.com/elisa-de-montis?view=grid&collections%5B%5D=2450866,artist_or_collection_page,artmajeur.com
c5c336fbf19a,images_512/artmajeur/c5c336fbf19a.jpg,浪漫奇克,Romantchik,https://www.artmajeur.com/chloe-kaemmerer?view=grid&collections%5B%5D=2320546,artist_or_collection_page,artmajeur.com
b78ff877a732,images_512/artmajeur/b78ff877a732.jpg,重聚亲人,Family Reunion,https://www.artmajeur.com/picrate?view=grid&collections%5B%5D=1775407,artist_or_collection_page,artmajeur.com
0230024c3033,images_512/artmajeur/0230024c3033.jpg,曾经的故事,Past Stories,https://www.artmajeur.com/robert-van-den-herik?view=grid&collections%5B0%5D=1744639&page=2,artist_or_collection_page,artmajeur.com
670c9e355f02,images_512/artmajeur/670c9e355f02.jpg,历史仍在继续,History Continues,https://www.artmajeur.com/picrate?view=grid&collections%5B%5D=1775407,artist_or_collection_page,artmajeur.com
9fd8b50fced7,images_512/artmajeur/9fd8b50fced7.jpg,沧浪之石,Stone of the Canglang,https://www.artmajeur.com/zh/yi-shu-pin/hui-hua,artist_or_collection_page,artmajeur.com
83a6e1055dff,images_512/artmajeur/83a6e1055dff.jpg,静默力量,Silent Strength,https://www.artmajeur.com/bogdan-dide?view=grid&collections%5B%5D=1714582,artist_or_collection_page,artmajeur.com
d9f5f942c824,images_512/artmajeur/d9f5f942c824.jpg,骄傲,Pride,https://www.artmajeur.com/milos-hronec?view=grid&collections%5B%5D=2390674,artist_or_collection_page,artmajeur.com
53c456dcc8c5,images_512/artmajeur/53c456dcc8c5.jpg,空间地标,Spatial Landmark,https://www.artmajeur.com/robert-van-den-herik?view=grid&collections%5B0%5D=1744639&page=2,artist_or_collection_page,artmajeur.com
42719eb12cd8,images_512/artmajeur/42719eb12cd8.jpg,魔法之夜,Magic Night,https://www.artmajeur.com/zh/yi-shu-pin/hui-hua,artist_or_collection_page,artmajeur.com
00ee7ace34be,images_512/artmajeur/00ee7ace34be.jpg,朋友间的钓鱼游戏,Fishing Game Among Friends,https://www.artmajeur.com/picrate?view=grid&collections%5B%5D=1775407,artist_or_collection_page,artmajeur.com
4e9b28043484,images_512/artmajeur/4e9b28043484.jpg,冬季,Winter,https://artist.artron.net/artists314; https://www.artmajeur.com/annabelle-amory?view=grid&collections%5B%5D=2064842; https://www.artmajeur.com/giancarlo-colombo?view=grid&collections%5B%5D=2426074,artist_or_collection_page,artist.artron.net; artmajeur.com
27a5455d0df0,images_512/artmajeur/27a5455d0df0.jpg,新波普 1,New Pop 1,https://www.artmajeur.com/jean-luc-michon?view=grid&collections%5B%5D=2220361,artist_or_collection_page,artmajeur.com
c97b54472654,images_512/artmajeur/c97b54472654.jpg,植物夜曲,Notturno vegetale,https://www.artmajeur.com/elisa-de-montis?view=grid&collections%5B%5D=2450866,artist_or_collection_page,artmajeur.com
a091be5aafe2,images_512/artmajeur/a091be5aafe2.jpg,生命的最后一天,The Last Day of Life,https://www.artmajeur.com/igor-shulman?view=grid&collections%5B%5D=1286191,artist_or_collection_page,artmajeur.com
1326b9be9daf,images_512/artmajeur/1326b9be9daf.jpg,绿色和谐,Green Harmony,https://www.artmajeur.com/jean-humbert-savoldelli?view=grid&collections%5B%5D=1607818,artist_or_collection_page,artmajeur.com
0f4e949d7fb4,images_512/artmajeur/0f4e949d7fb4.jpg,童年的气息,Scent of Childhood,https://www.artmajeur.com/milos-hronec?view=grid&collections%5B%5D=2390674,artist_or_collection_page,artmajeur.com
bb1d425f0631,images_512/artmajeur/bb1d425f0631.jpg,老人的幼稚悲伤,An Old Man’s Childlike Sadness,https://www.artmajeur.com/milos-hronec?view=grid&collections%5B%5D=2390674,artist_or_collection_page,artmajeur.com
c1fd207b005e,images_512/artmajeur/c1fd207b005e.jpg,梦中的地方,Place in a Dream,https://www.artmajeur.com/claire-denarie-soffietti?view=grid&collections%5B%5D=2130209,artist_or_collection_page,artmajeur.com
81a96f053e8f,images_512/artmajeur/81a96f053e8f.jpg,帆,Sail,https://www.artmajeur.com/jean-humbert-savoldelli?view=grid&collections%5B%5D=1607818,artist_or_collection_page,artmajeur.com
71262447b9c5,images_512/artmajeur/71262447b9c5.jpg,生活,Life,https://www.artmajeur.com/awe-haiwe?view=grid&collections%5B%5D=2197639,artist_or_collection_page,artmajeur.com
d6733b01bc37,images_512/artmajeur/d6733b01bc37.jpg,在肩头的一角,On the Corner of the Shoulder,https://www.artmajeur.com/picrate?view=grid&collections%5B%5D=1775407,artist_or_collection_page,artmajeur.com
278e7fc8093e,images_512/artmajeur/278e7fc8093e.jpg,美丽的邂逅（波普艺术系列）,Beautiful Encounter (Pop Art Series),https://www.artmajeur.com/jean-humbert-savoldelli?view=grid&collections%5B%5D=1607818,artist_or_collection_page,artmajeur.com
0a54c75717ec,images_512/artmajeur/0a54c75717ec.jpg,几乎某种东西,Almost Something,https://www.artmajeur.com/jean-humbert-savoldelli?view=grid&collections%5B%5D=1607818,artist_or_collection_page,artmajeur.com
264c9ff6dc63,images_512/artmajeur/264c9ff6dc63.jpg,潮流,Trend,https://www.artmajeur.com/jean-humbert-savoldelli?view=grid&collections%5B%5D=1607818,artist_or_collection_page,artmajeur.com
5e63a0d80f1f,images_512/artmajeur/5e63a0d80f1f.jpg,新家的诞生,Birth of a New Home,https://www.artmajeur.com/robert-van-den-herik?view=grid&collections%5B0%5D=1744639&page=2,artist_or_collection_page,artmajeur.com
f1e60bf147cb,images_512/artmajeur/f1e60bf147cb.jpg,困惑,Confusion,https://www.artmajeur.com/milos-hronec?view=grid&collections%5B%5D=2390674,artist_or_collection_page,artmajeur.com
1f30ff99f96b,images_512/artmajeur/1f30ff99f96b.jpg,米开朗基罗的海岸幻影,Michelangelo's Coastal Phantom,https://www.artmajeur.com/robert-van-den-herik?view=grid&collections%5B0%5D=1744639&page=2,artist_or_collection_page,artmajeur.com
4ae8128f6886,images_512/artmajeur/4ae8128f6886.jpg,藏匿游戏,Hide-and-Seek,https://www.artmajeur.com/claire-denarie-soffietti?view=grid&collections%5B%5D=2130209,artist_or_collection_page,artmajeur.com
3a4939593c36,images_512/artmajeur/3a4939593c36.jpg,在我皮肤上,Sur ma peau,https://www.artmajeur.com/annabelle-amory?view=grid&collections%5B%5D=2064842,artist_or_collection_page,artmajeur.com
007cddd25db4,images_512/artmajeur/007cddd25db4.jpg,创世纪,Genesis,https://www.artmajeur.com/oluwapelumi-olaosun?view=grid&collections%5B%5D=2301889,artist_or_collection_page,artmajeur.com
8b65e0c18de3,images_512/artmajeur/8b65e0c18de3.jpg,早市,Morning Market,https://artist.artron.net/artists314; https://www.artmajeur.com/nga-tran?view=grid&collections%5B%5D=2287606,artist_or_collection_page,artist.artron.net; artmajeur.com
b060131fcfd8,images_512/artmajeur/b060131fcfd8.jpg,最后的酒吧,The Last Bar,https://www.artmajeur.com/milos-hronec?view=grid&collections%5B%5D=2390674,artist_or_collection_page,artmajeur.com
72a078c649f4,images_512/artmajeur/72a078c649f4.jpg,南尼巴,Nanny Bar,https://www.artmajeur.com/awe-haiwe?view=grid&collections%5B%5D=2197639,artist_or_collection_page,artmajeur.com
f842d398a03b,images_512/artmajeur/f842d398a03b.jpg,感知的天界线索,Perceived Celestial Clues,https://www.artmajeur.com/bogdan-dide?view=grid&collections%5B%5D=1714582,artist_or_collection_page,artmajeur.com
c82ef27f1f7e,images_512/artmajeur/c82ef27f1f7e.jpg,喜迎东方日出,Welcoming the Eastern Sunrise,https://www.artmajeur.com/zh/yi-shu-pin/hui-hua,artist_or_collection_page,artmajeur.com
be2e4aa15c3e,images_512/artmajeur/be2e4aa15c3e.jpg,阳光,Sunshine,https://artist.artron.net/artists314; https://www.artmajeur.com/claire-denarie-soffietti?view=grid&collections%5B%5D=2130209,artist_or_collection_page,artist.artron.net; artmajeur.com
30ce1b91bbc2,images_512/artmajeur/30ce1b91bbc2.jpg,孩子与蓝鸟,Child and Bluebird,https://www.artmajeur.com/zh/yi-shu-pin/hui-hua,artist_or_collection_page,artmajeur.com
150d2290490e,images_512/artmajeur/150d2290490e.jpg,懂得如何着手,Knowing How to Begin,https://www.artmajeur.com/zh/yi-shu-pin/hui-hua,artist_or_collection_page,artmajeur.com
18736aee017b,images_512/artmajeur/18736aee017b.jpg,海滩日,Beach Day,https://www.artmajeur.com/ta00?view=grid&collections%5B0%5D=2214331&page=1,artist_or_collection_page,artmajeur.com
4fa23acb4c42,images_512/artmajeur/4fa23acb4c42.jpg,当中国觉醒，整个世界将颤抖,"When China Awakens, the World Will Tremble",https://www.artmajeur.com/zh/yi-shu-pin/hui-hua,artist_or_collection_page,artmajeur.com
436d3a4b0b8d,images_512/artmajeur/436d3a4b0b8d.jpg,感知回望,Looking Back in Perception,https://www.artmajeur.com/ta00?view=grid&collections%5B0%5D=2214331&page=1,artist_or_collection_page,artmajeur.com
a21c1775247d,images_512/artmajeur/a21c1775247d.jpg,七位王子,I sette principáti,https://www.artmajeur.com/elisa-de-montis?view=grid&collections%5B%5D=2450866,artist_or_collection_page,artmajeur.com
49fe8df26017,images_512/artmajeur/49fe8df26017.jpg,他从远方归来,He Returned from Afar,https://www.artmajeur.com/picrate?view=grid&collections%5B%5D=1775407,artist_or_collection_page,artmajeur.com
4dddc8a5d7d9,images_512/artmajeur/4dddc8a5d7d9.jpg,抓住机会,Seize the Opportunity,https://www.artmajeur.com/picrate?view=grid&collections%5B%5D=1775407,artist_or_collection_page,artmajeur.com
a2d46b3cb4d1,images_512/artmajeur/a2d46b3cb4d1.jpg,茶时光,Tea Time,https://www.artmajeur.com/robert-van-den-herik?view=grid&collections%5B0%5D=1744639&page=2,artist_or_collection_page,artmajeur.com
19b57d09297c,images_512/artmajeur/19b57d09297c.jpg,爱的科学,Sciences d'Amour,https://www.artmajeur.com/antoine-alran?view=grid&collections%5B%5D=2199799,artist_or_collection_page,artmajeur.com
8abe9c81c826,images_512/artmajeur/8abe9c81c826.jpg,他乡的回忆,Memories of Another Land,https://www.artmajeur.com/picrate?view=grid&collections%5B%5D=1775407,artist_or_collection_page,artmajeur.com
9a1e0ee6d44a,images_512/artmajeur/9a1e0ee6d44a.jpg,城市。清晨。,City. Morning.,https://www.artmajeur.com/igor-shulman?view=grid&collections%5B%5D=1286191,artist_or_collection_page,artmajeur.com
a7d5207f9ea6,images_512/artmajeur/a7d5207f9ea6.jpg,闭嘴！,Shut Up!,https://www.artmajeur.com/zh/yi-shu-pin/hui-hua,artist_or_collection_page,artmajeur.com
77275c1a67bd,images_512/artmajeur/77275c1a67bd.jpg,橙色光辉,Orange Radiance,https://www.artmajeur.com/zh/yi-shu-pin?hybrid_query=%20Viktor%20Sheleg%20,artist_or_collection_page,artmajeur.com
8551ae7f80f7,images_512/artmajeur/8551ae7f80f7.jpg,亿万恩典拯救世界,Billions of Graces Save the World,https://www.artmajeur.com/dags-vidulejs?view=grid&collections%5B%5D=2194390,artist_or_collection_page,artmajeur.com
a62f9fc50576,images_512/artmajeur/a62f9fc50576.jpg,盲目于时光,Blind to Time,https://www.artmajeur.com/oluwapelumi-olaosun?view=grid&collections%5B%5D=2301889,artist_or_collection_page,artmajeur.com
cc2a8b43be5b,images_512/artmajeur/cc2a8b43be5b.jpg,思考者,Thinker,https://www.artmajeur.com/ta00?view=grid&collections%5B0%5D=2214331&page=1,artist_or_collection_page,artmajeur.com
40012f7f4cee,images_512/artmajeur/40012f7f4cee.jpg,竞赛,Competition,https://www.artmajeur.com/jean-humbert-savoldelli?view=grid&collections%5B%5D=1607818,artist_or_collection_page,artmajeur.com
30853fcb8d32,images_512/artmajeur/30853fcb8d32.jpg,情侣与红鸟,Couple and Red Bird,https://www.artmajeur.com/picrate?view=grid&collections%5B%5D=1775407,artist_or_collection_page,artmajeur.com
fea17cf6dcb3,images_512/artmajeur/fea17cf6dcb3.jpg,我们回来了,We Are Back,https://www.artmajeur.com/jean-humbert-savoldelli?view=grid&collections%5B%5D=1607818,artist_or_collection_page,artmajeur.com
2f6707c3b847,images_512/artmajeur/2f6707c3b847.jpg,起飞与坠落 2,Takeoff and Fall 2,https://www.artmajeur.com/milos-hronec?view=grid&collections%5B%5D=2390674,artist_or_collection_page,artmajeur.com
215a472ccd19,images_512/artmajeur/215a472ccd19.jpg,紧急情况,Emergency,https://www.artmajeur.com/jean-humbert-savoldelli?view=grid&collections%5B%5D=1607818,artist_or_collection_page,artmajeur.com
c98ca76d543c,images_512/artmajeur/c98ca76d543c.jpg,疯狂的腿,Crazy Legs,https://www.artmajeur.com/zh/yi-shu-pin/hui-hua,artist_or_collection_page,artmajeur.com
d52e0cbba086,images_512/artmajeur/d52e0cbba086.jpg,边界,Boundaries,https://www.artmajeur.com/igor-shulman?view=grid&collections%5B%5D=1286191,artist_or_collection_page,artmajeur.com
aeef57584fe0,images_512/artmajeur/aeef57584fe0.jpg,草堂,Thatched Cottage,https://www.artmajeur.com/zh/yi-shu-pin/hui-hua,artist_or_collection_page,artmajeur.com
edd2983324cc,images_512/artmajeur/edd2983324cc.jpg,改变不会在等待中到来,Change Will Not Come by Waiting,https://www.artmajeur.com/ganiyat-abdulazeez?view=grid&collections%5B%5D=2121668,artist_or_collection_page,artmajeur.com
c53fef756797,images_512/artmajeur/c53fef756797.jpg,疯狂,Madness,https://www.artmajeur.com/milos-hronec?view=grid&collections%5B%5D=2390674,artist_or_collection_page,artmajeur.com
909c949dad25,images_512/artmajeur/909c949dad25.jpg,《静谧》,Serenity,https://huangjiannan.artron.net/works_index_21; https://www.artmajeur.com/milos-hronec?view=grid&collections%5B%5D=2390674,artist_or_collection_page,artmajeur.com; huangjiannan.artron.net
936ee0ee21e4,images_512/artmajeur/936ee0ee21e4.jpg,歌剧歌手,Opera Singer,https://www.artmajeur.com/zh/yi-shu-pin/hui-hua,artist_or_collection_page,artmajeur.com
43137ec12098,images_512/artmajeur/43137ec12098.jpg,双影,Dual Shadows,https://www.artmajeur.com/zh/yi-shu-pin/hui-hua,artist_or_collection_page,artmajeur.com
d4addde2ca14,images_512/artmajeur/d4addde2ca14.jpg,不宜居的星球,Uninhabitable Planet,https://www.artmajeur.com/zh/yi-shu-pin/hui-hua,artist_or_collection_page,artmajeur.com
00bb39eeacb3,images_512/artmajeur/00bb39eeacb3.jpg,迷宫,Maze,https://www.artmajeur.com/ta00?view=grid&collections%5B0%5D=2214331&page=1,artist_or_collection_page,artmajeur.com
0195f572e5f8,images_512/artmajeur/0195f572e5f8.jpg,是否应牵着一条飞鱼,Should One Hold a Flying Fish?,https://www.artmajeur.com/picrate?view=grid&collections%5B%5D=1775407,artist_or_collection_page,artmajeur.com
30db275aa068,images_512/artmajeur/30db275aa068.jpg,白色交响曲,White Symphony,https://www.artmajeur.com/chloe-kaemmerer?view=grid&collections%5B%5D=2320546,artist_or_collection_page,artmajeur.com
0ed104c16158,images_512/artmajeur/0ed104c16158.jpg,黑鸟,Blackbird,https://www.artmajeur.com/milos-hronec?view=grid&collections%5B%5D=2390674,artist_or_collection_page,artmajeur.com
c0a819759845,images_512/artmajeur/c0a819759845.jpg,内外乐园,PARADISE IN & OUT,https://www.artmajeur.com/dags-vidulejs?view=grid&collections%5B%5D=2194390,artist_or_collection_page,artmajeur.com
46f968491696,images_512/artmajeur/46f968491696.jpg,低潮,Low Tide,https://www.artmajeur.com/igor-shulman?view=grid&collections%5B%5D=1286191,artist_or_collection_page,artmajeur.com
d23e017b119b,images_512/artmajeur/d23e017b119b.jpg,幻想,Fantasy,https://www.artmajeur.com/milos-hronec?view=grid&collections%5B%5D=2390674,artist_or_collection_page,artmajeur.com
6a2d57cd5388,images_512/artmajeur/6a2d57cd5388.jpg,反弹,Rebound,https://www.artmajeur.com/jean-humbert-savoldelli?view=grid&collections%5B%5D=1607818,artist_or_collection_page,artmajeur.com
d547f0d4800f,images_512/artmajeur/d547f0d4800f.jpg,等待假期,Waiting for the Holidays,https://www.artmajeur.com/igor-shulman?view=grid&collections%5B%5D=1286191,artist_or_collection_page,artmajeur.com
bb4ca760e4bf,images_512/artmajeur/bb4ca760e4bf.jpg,艰难的轨迹,Difficult Path,https://www.artmajeur.com/zh/yi-shu-pin/hui-hua,artist_or_collection_page,artmajeur.com
2872f2ea39d6,images_512/artmajeur/2872f2ea39d6.jpg,献给玫瑰,For the Rose,https://www.artmajeur.com/oluwapelumi-olaosun?view=grid&collections%5B%5D=2301889,artist_or_collection_page,artmajeur.com
a15cc3705b7d,images_512/artmajeur/a15cc3705b7d.jpg,蛤蜊田,Clam Field,https://www.artmajeur.com/nga-tran?view=grid&collections%5B%5D=2287606,artist_or_collection_page,artmajeur.com
0cf80c920c66,images_512/artmajeur/0cf80c920c66.jpg,求救信号,Distress Signal,https://www.artmajeur.com/jean-humbert-savoldelli?view=grid&collections%5B%5D=1607818,artist_or_collection_page,artmajeur.com
3134c6885767,images_512/artmajeur/3134c6885767.jpg,自由坠落,Free Fall,https://www.artmajeur.com/milos-hronec?view=grid&collections%5B%5D=2390674,artist_or_collection_page,artmajeur.com
763b7e1fa7f7,images_512/artmajeur/763b7e1fa7f7.jpg,反面,Verso,https://www.artmajeur.com/annabelle-amory?view=grid&collections%5B%5D=2064842,artist_or_collection_page,artmajeur.com
12537dd03549,images_512/artmajeur/12537dd03549.jpg,月光下,Moonlight,https://www.artmajeur.com/robert-van-den-herik?view=grid&collections%5B0%5D=1744639&page=2,artist_or_collection_page,artmajeur.com
6e47216a7a6c,images_512/artmajeur/6e47216a7a6c.jpg,午后的街口,Afternoon Street Corner,https://www.artmajeur.com/zh/yi-shu-pin/hui-hua,artist_or_collection_page,artmajeur.com
6a0d0a49234a,images_512/artmajeur/6a0d0a49234a.jpg,下地狱,Descent into Hell,https://www.artmajeur.com/zh/yi-shu-pin/hui-hua,artist_or_collection_page,artmajeur.com
134956295e53,images_512/artmajeur/134956295e53.jpg,抽烟致死,Smoking Kills,https://www.artmajeur.com/jean-humbert-savoldelli?view=grid&collections%5B%5D=1607818,artist_or_collection_page,artmajeur.com
f1ff0c6ffd13,images_512/artmajeur/f1ff0c6ffd13.jpg,旗帜,Flag,https://www.artmajeur.com/jean-humbert-savoldelli?view=grid&collections%5B%5D=1607818,artist_or_collection_page,artmajeur.com
9a91a38ec8f1,images_512/artmajeur/9a91a38ec8f1.jpg,巅峰 2,Pinnacle 2,https://www.artmajeur.com/zh/yi-shu-pin/hui-hua,artist_or_collection_page,artmajeur.com
cc17613b2be1,images_512/artmajeur/cc17613b2be1.jpg,就像在下雨一样,As If It Were Raining,https://www.artmajeur.com/jean-humbert-savoldelli?view=grid&collections%5B%5D=1607818,artist_or_collection_page,artmajeur.com
fac8930f43d4,images_512/artmajeur/fac8930f43d4.jpg,我也是宇宙,I Am the Universe Too,https://www.artmajeur.com/milos-hronec?view=grid&collections%5B%5D=2390674,artist_or_collection_page,artmajeur.com
3a87827d7ef4,images_512/artmajeur/3a87827d7ef4.jpg,刺痛,Sting,https://www.artmajeur.com/zh/yi-shu-pin/hui-hua,artist_or_collection_page,artmajeur.com
592133ef1675,images_512/artmajeur/592133ef1675.jpg,秋日午后,Autumn Afternoon,https://www.artmajeur.com/nga-tran?view=grid&collections%5B%5D=2287606,artist_or_collection_page,artmajeur.com
b46fdcbc728d,images_512/artmajeur/b46fdcbc728d.jpg,码头,Pier,https://www.artmajeur.com/nga-tran?view=grid&collections%5B%5D=2287606,artist_or_collection_page,artmajeur.com
205b0cad1622,images_512/artmajeur/205b0cad1622.jpg,美丽女孩,Beautiful Girl,https://www.artmajeur.com/jean-humbert-savoldelli?view=grid&collections%5B%5D=1607818,artist_or_collection_page,artmajeur.com
15b49eba10c4,images_512/artmajeur/15b49eba10c4.jpg,孩子,Child,https://www.artmajeur.com/awe-haiwe?view=grid&collections%5B%5D=2197639,artist_or_collection_page,artmajeur.com
57b721da32a8,images_512/artmajeur/57b721da32a8.jpg,甲虫,Lo Scarabeo,https://www.artmajeur.com/elisa-de-montis?view=grid&collections%5B%5D=2450866,artist_or_collection_page,artmajeur.com
b75bd3278387,images_512/artmajeur/b75bd3278387.jpg,留下的碎片,Fragments Left Behind,https://www.artmajeur.com/ta00?view=grid&collections%5B0%5D=2214331&page=1,artist_or_collection_page,artmajeur.com
ce734acc96a2,images_512/artmajeur/ce734acc96a2.jpg,东方之夜,Eastern Night,https://www.artmajeur.com/jean-humbert-savoldelli?view=grid&collections%5B%5D=1607818,artist_or_collection_page,artmajeur.com
c3ee5fe292f6,images_512/artmajeur/c3ee5fe292f6.jpg,莎拉与幽灵,Sarah et les fantômes,https://www.artmajeur.com/chloe-kaemmerer?view=grid&collections%5B%5D=2320546,artist_or_collection_page,artmajeur.com
a48245b8db6d,images_512/artmajeur/a48245b8db6d.jpg,呐喊,The Scream,https://www.artmajeur.com/milos-hronec?view=grid&collections%5B%5D=2390674,artist_or_collection_page,artmajeur.com
390d8eaa5b8d,images_512/artmajeur/390d8eaa5b8d.jpg,比天空广阔的是胸怀,A Heart Broader Than the Sky,https://www.artmajeur.com/zh/yi-shu-pin/hui-hua,artist_or_collection_page,artmajeur.com
949c8e718b2a,images_512/artmajeur/949c8e718b2a.jpg,数字战争,Digital War,https://www.artmajeur.com/obey-shepard-fairey,artist_or_collection_page,artmajeur.com
bf648976f624,images_512/artmajeur/bf648976f624.jpg,节日,Festival,https://www.artmajeur.com/zh/yi-shu-pin?hybrid_query=%20Viktor%20Sheleg%20,artist_or_collection_page,artmajeur.com
f2f42e1ee6d2,images_512/artmajeur/f2f42e1ee6d2.jpg,脆弱,Fragile,https://www.artmajeur.com/jean-humbert-savoldelli?view=grid&collections%5B%5D=1607818; https://www.artmajeur.com/milos-hronec?view=grid&collections%5B%5D=2390674,artist_or_collection_page,artmajeur.com
4f4009806f6f,images_512/artmajeur/4f4009806f6f.jpg,红色的影响,Red Influence,https://www.artmajeur.com/jean-humbert-savoldelli?view=grid&collections%5B%5D=1607818,artist_or_collection_page,artmajeur.com
0b7b583f2dad,images_512/artmajeur/0b7b583f2dad.jpg,注意，脆弱！,"Caution, Fragile!",https://www.artmajeur.com/zh/yi-shu-pin/hui-hua,artist_or_collection_page,artmajeur.com
987d421e3ec9,images_512/artmajeur/987d421e3ec9.jpg,在战斗中,In Battle,https://www.artmajeur.com/jeremie-camus?view=grid&collections%5B%5D=2238868,artist_or_collection_page,artmajeur.com
b687f93d4e58,images_512/artmajeur/b687f93d4e58.jpg,在每个地方的中央,At the Center of Every Place,https://www.artmajeur.com/robert-van-den-herik?view=grid&collections%5B0%5D=1744639&page=2,artist_or_collection_page,artmajeur.com
976844de6774,images_512/artmajeur/976844de6774.jpg,冰湖渔火,Fishing Lights on the Ice Lake,https://www.artmajeur.com/zh/yi-shu-pin/hui-hua,artist_or_collection_page,artmajeur.com
64c1174c0062,images_512/artmajeur/64c1174c0062.jpg,窗户,Window,https://www.artmajeur.com/zh/yi-shu-pin/hui-hua,artist_or_collection_page,artmajeur.com
ffd85fec7db7,images_512/artmajeur/ffd85fec7db7.jpg,快乐服从社会,HAPPY OBEDIENT SOCIETY,https://www.artmajeur.com/dags-vidulejs?view=grid&collections%5B%5D=2194390,artist_or_collection_page,artmajeur.com
2013aa0c0e73,images_512/artmajeur/2013aa0c0e73.jpg,远方的阴影,Distant Shadows,https://www.artmajeur.com/robert-van-den-herik?view=grid&collections%5B0%5D=1744639&page=2,artist_or_collection_page,artmajeur.com
e64dfeaed030,images_512/artmajeur/e64dfeaed030.jpg,伊卡尔的堕落 2,Fall of Icarus 2,https://www.artmajeur.com/alain-vintenon?view=grid&collections%5B%5D=2312140,artist_or_collection_page,artmajeur.com
9eb0f59a741f,images_512/artmajeur/9eb0f59a741f.jpg,穿梭入口门,Portal Gate,https://www.artmajeur.com/robert-van-den-herik?view=grid&collections%5B0%5D=1744639&page=2,artist_or_collection_page,artmajeur.com
06bd12237c02,images_512/artmajeur/06bd12237c02.jpg,十二怒汉与红衣女士,Twelve Angry Men and the Lady in Red,https://www.artmajeur.com/zh/yi-shu-pin/hui-hua,artist_or_collection_page,artmajeur.com
3a9207888e2e,images_512/artmajeur/3a9207888e2e.jpg,爱将拯救世界,Love Will Save the World,https://www.artmajeur.com/dags-vidulejs?view=grid&collections%5B%5D=2194390,artist_or_collection_page,artmajeur.com
b58dd966280f,images_512/artmajeur/b58dd966280f.jpg,飞翔吧，春天来了！,"Fly, Spring Has Arrived!",https://www.artmajeur.com/picrate?view=grid&collections%5B%5D=1775407,artist_or_collection_page,artmajeur.com
a8be5b1177b3,images_512/artmajeur/a8be5b1177b3.jpg,紫色中的死亡,Death in Purple,https://www.artmajeur.com/zh/yi-shu-pin/hui-hua,artist_or_collection_page,artmajeur.com
0ebe4180c160,images_512/artmajeur/0ebe4180c160.jpg,简单的历史,Simple History,https://www.artmajeur.com/picrate?view=grid&collections%5B%5D=1775407,artist_or_collection_page,artmajeur.com
7c0f26de920c,images_512/artmajeur/7c0f26de920c.jpg,夜行者,夜行者,https://www.artmajeur.com/zh/yi-shu-pin/hui-hua,artist_or_collection_page,artmajeur.com
19973d5d3049,images_512/artmajeur/19973d5d3049.jpg,班卓琴演奏者,Banjo Player,https://www.artmajeur.com/ganiyat-abdulazeez?view=grid&collections%5B%5D=2121668,artist_or_collection_page,artmajeur.com
0eab1a07395f,images_512/artmajeur/0eab1a07395f.jpg,圣痕,Stigmate,https://www.artmajeur.com/annabelle-amory?view=grid&collections%5B%5D=2064842,artist_or_collection_page,artmajeur.com
eede7cad3046,images_512/artmajeur/eede7cad3046.jpg,穿过夜的我的光,My Light Through the Night,https://www.artmajeur.com/zh/yi-shu-pin/hui-hua,artist_or_collection_page,artmajeur.com
5cf99f216350,images_512/artmajeur/5cf99f216350.jpg,水下的里加沉没,Sinking Riga Underwater,https://www.artmajeur.com/dags-vidulejs?view=grid&collections%5B%5D=2194390,artist_or_collection_page,artmajeur.com
a25d6a92a788,images_512/artmajeur/a25d6a92a788.jpg,抢救生命,Saving Lives,https://www.artmajeur.com/zh/yi-shu-pin/hui-hua,artist_or_collection_page,artmajeur.com
e07a026d6ab4,images_512/artmajeur/e07a026d6ab4.jpg,鸟笼,Birdcage,https://www.artmajeur.com/picrate?view=grid&collections%5B%5D=1775407,artist_or_collection_page,artmajeur.com
2e68c13988f9,images_512/artmajeur/2e68c13988f9.jpg,无处的希望,Hope in Nowhere,https://www.artmajeur.com/zh/yi-shu-pin/hui-hua,artist_or_collection_page,artmajeur.com
74bd3832ade8,images_512/artmajeur/74bd3832ade8.jpg,满足,Satisfaction,https://www.artmajeur.com/milos-hronec?view=grid&collections%5B%5D=2390674,artist_or_collection_page,artmajeur.com
de3803386951,images_512/artmajeur/de3803386951.jpg,遥远的孩子,Distant Child,https://www.artmajeur.com/oluwapelumi-olaosun?view=grid&collections%5B%5D=2301889,artist_or_collection_page,artmajeur.com
7efde0416584,images_512/artmajeur/7efde0416584.jpg,蓝色空间,Blue Space,https://www.artmajeur.com/jean-humbert-savoldelli?view=grid&collections%5B%5D=1607818,artist_or_collection_page,artmajeur.com
51d822cc8545,images_512/artmajeur/51d822cc8545.jpg,你需要的只是爱,All You Need Is Love,https://www.artmajeur.com/picrate?view=grid&collections%5B%5D=1775407,artist_or_collection_page,artmajeur.com
890430c0aedf,images_512/artmajeur/890430c0aedf.jpg,朝圣者,Pilgrim,https://www.artmajeur.com/jean-humbert-savoldelli?view=grid&collections%5B%5D=1607818,artist_or_collection_page,artmajeur.com
b6da7d70ba51,images_512/artmajeur/b6da7d70ba51.jpg,从另一个角度看,Another Perspective,https://www.artmajeur.com/robert-van-den-herik?view=grid&collections%5B0%5D=1744639&page=2,artist_or_collection_page,artmajeur.com
1ed46f60b84c,images_512/artmajeur/1ed46f60b84c.jpg,红色故事,Red Story,https://www.artmajeur.com/jean-humbert-savoldelli?view=grid&collections%5B%5D=1607818,artist_or_collection_page,artmajeur.com
30efa80e4b86,images_512/artmajeur/30efa80e4b86.jpg,罂粟花,Poppy Flowers,https://www.artmajeur.com/aurelie-lafourcade?view=grid&collections%5B%5D=2408860,artist_or_collection_page,artmajeur.com
