item_id,title_zh,title_en,match_status,candidate_count,candidate_artists_or_collections,candidate_domains,candidate_source_page_urls,candidate_titles
45a7366dd41a,转化,,exact_single,1,Jeremie Camus,artmajeur.com,https://www.artmajeur.com/jeremie-camus?view=grid&collections%5B%5D=2238868,转化
280f3c27a098,鱼生 #3,,exact_single,1,Igor Shulman,artmajeur.com,https://www.artmajeur.com/igor-shulman?view=grid&collections%5B%5D=1286191,鱼生 #3
0d5166aa8c12,奇妙之旅,Wonderful Journey,exact_single,1,Picrate,artmajeur.com,https://www.artmajeur.com/picrate?view=grid&collections%5B%5D=1775407,奇妙之旅
70c32c033765,火星的征服,,exact_single,1,Dags Vidulejs,artmajeur.com,https://www.artmajeur.com/dags-vidulejs?view=grid&collections%5B%5D=2194390,火星的征服
1032c94dc26c,怒猫,Furious Cat,exact_single,1,苏大朝,artist.artron.net,https://artist.artron.net/artists23462/sale-0-0-0-1-1/,怒猫
d8eec78542df,无人驾驶,Driverless,exact_single,1,铁心,tiexin.artron.net,https://tiexin.artron.net/,无人驾驶
900aa74ff476,《荷塘追梦系列之二》,Pursuing Dreams in the Lotus Pond Series No. 2,exact_single,1,铁心,tiexin.artron.net,https://tiexin.artron.net/,《荷塘追梦系列之二》
ec9727dc1caf,乡村清晨,,exact_single,1,Nga Tran,artmajeur.com,https://www.artmajeur.com/nga-tran?view=grid&collections%5B%5D=2287606,乡村清晨
ffd8d1668aa7,黎明的金色,,exact_single,1,Jean-Humbert Savoldelli,artmajeur.com,https://www.artmajeur.com/jean-humbert-savoldelli?view=grid&collections%5B%5D=1607818,黎明的金色
49d08e279c77,时间的联合,,exact_single,1,Elisa De Montis,artmajeur.com,https://www.artmajeur.com/elisa-de-montis?view=grid&collections%5B%5D=2450866,时间的联合
01d0c51f3d96,山谷中的沉睡者,,exact_single,1,Jean-Humbert Savoldelli,artmajeur.com,https://www.artmajeur.com/jean-humbert-savoldelli?view=grid&collections%5B%5D=1607818,山谷中的沉睡者
4922f64f7b32,相信自己的直觉,Trust Your Instincts,exact_single,1,Picrate,artmajeur.com,https://www.artmajeur.com/picrate?view=grid&collections%5B%5D=1775407,相信自己的直觉
9e8f13c0ad90,废都,The Abandoned Capital,exact_single,1,管朴学,guanpuxue.artron.net,https://guanpuxue.artron.net/,废都
7a495437dea8,《苹果与马》,Apples and Horses,exact_single,1,尘三,artist.artron.net,https://artist.artron.net/artists23471/sale-0-0-0-7-1/,《苹果与马》
438b3376f646,双生影,,exact_single,1,Annabelle Amory,artmajeur.com,https://www.artmajeur.com/annabelle-amory?view=grid&collections%5B%5D=2064842,双生影
40fe75077c7b,淡荡秋光,Gentle Autumn Light,exact_single,1,管朴学,guanpuxue.artron.net,https://guanpuxue.artron.net/,淡荡秋光
817c85485534,中国远征军-老兵李文德,Chinese Expeditionary Force - Veteran Li Wende,exact_single,1,苏阳阳,artist.artron.net,https://artist.artron.net/artists5391/sale-0-0-0-1-1/,中国远征军-老兵李文德
113768c9c7f6,阿尔班永恒,,exact_single,1,Jean-Humbert Savoldelli,artmajeur.com,https://www.artmajeur.com/jean-humbert-savoldelli?view=grid&collections%5B%5D=1607818,阿尔班永恒
7d189d6c0f1a,乐队,,exact_single,1,Jean-Humbert Savoldelli,artmajeur.com,https://www.artmajeur.com/jean-humbert-savoldelli?view=grid&collections%5B%5D=1607818,乐队
bd744b0b6982,地下墓穴,,exact_single,1,Jean-Humbert Savoldelli,artmajeur.com,https://www.artmajeur.com/jean-humbert-savoldelli?view=grid&collections%5B%5D=1607818,地下墓穴
3c4d26a24330,全球化克隆,,exact_single,1,Dags Vidulejs,artmajeur.com,https://www.artmajeur.com/dags-vidulejs?view=grid&collections%5B%5D=2194390,全球化克隆
ab36ee798527,泥土的拥抱,,exact_single,1,Alex Senchenko,artmajeur.com,https://www.artmajeur.com/senchenko?view=grid&collections%5B%5D=1872680,泥土的拥抱
b231b28e9379,类比谜题,Analog Puzzle,exact_single,1,,,,类比谜题
69de4e9b33ec,蚁生,Ant Life,unmatched,0,,,,
ad055fc89458,公共花园,,exact_single,1,Jean-Humbert Savoldelli,artmajeur.com,https://www.artmajeur.com/jean-humbert-savoldelli?view=grid&collections%5B%5D=1607818,公共花园
954c5208a895,最后的光芒,,exact_single,1,Jean-Humbert Savoldelli,artmajeur.com,https://www.artmajeur.com/jean-humbert-savoldelli?view=grid&collections%5B%5D=1607818,最后的光芒
b241cd2b4f65,心画意兴,Heartfelt Inspiration,exact_single,1,马章乘,mazhangcheng.artron.net,https://mazhangcheng.artron.net/,心画意兴
d54cb4df8208,王府井南口,South Entrance of Wangfujing,exact_single,1,戴泽,daize.artron.net,https://daize.artron.net/,王府井南口
4005c06befe7,渐逝的梦,Fading Dream,exact_single,1,,,,渐逝的梦
0303fa35c506,桃花源,Peach Blossom Spring,unmatched,0,,,,
7c15216a356d,森林中的鹿,Deer in the Forest,exact_single,1,,,,森林中的鹿
1bb7b3f48b7b,多花,,exact_single,1,Nga Tran,artmajeur.com,https://www.artmajeur.com/nga-tran?view=grid&collections%5B%5D=2287606,多花
b50f282ba6de,撒尼斗牛文化节,Sani Bullfighting Festival,unmatched,0,,,,
cdebdedbba2b,我痛苦，因此我活着,,exact_single,1,Milos Hronec,artmajeur.com,https://www.artmajeur.com/milos-hronec?view=grid&collections%5B%5D=2390674,我痛苦，因此我活着
ffd061445b8d,《绿马踏冠毒》,Green Horse Trampling the Crown of Poison,exact_single,1,,,,《绿马踏冠毒》
faa3326226b8,紧急呼救 II,Emergency Call II,exact_single,1,,,,紧急呼救 II
38ba9f1aa8e4,任何一天,Any Day,exact_single,1,,,,任何一天
40e216c47afa,失落的幻影,失落的幻影,exact_single,1,,,,失落的幻影
377ffc885c72,和平使命：乌克兰与以色列,Peace Mission: Ukraine and Israel,exact_single,1,,,,和平使命：乌克兰与以色列
b08a77016f53,毛茸茸的大狗,Fluffy Big Dog,exact_single,1,苏大朝,artist.artron.net,https://artist.artron.net/artists23462/sale-0-0-0-1-1/,毛茸茸的大狗
ec9fddf3dd86,愤怒的花朵崩溃,Flowers of Rage Collapse,exact_single,1,,,,愤怒的花朵崩溃
ee4610588f3f,夏天,,ambiguous,3,Igor Shulman; Irina Laube; 党中华,artist.artron.net; artmajeur.com,https://artist.artron.net/artists314; https://www.artmajeur.com/igor-shulman?view=grid&collections%5B%5D=1286191; https://www.artmajeur.com/irina-laube?view=grid&collections%5B%5D=1872800,夏天
5f11912239eb,沉默的觉醒,,exact_single,1,Alex Senchenko,artmajeur.com,https://www.artmajeur.com/senchenko?view=grid&collections%5B%5D=1872680,沉默的觉醒
51b28e1848fc,憩,Repose,exact_single,1,苏大朝,artist.artron.net,https://artist.artron.net/artists23462/sale-0-0-0-1-1/,憩
9d7e20c0637e,机械神灵,,unmatched,0,,,,
63700d00e7bc,抱宠物的家庭,Family with Pets,exact_single,1,,,,抱宠物的家庭
eceb28d72fd4,黄金武士,,exact_single,1,Jean-Humbert Savoldelli,artmajeur.com,https://www.artmajeur.com/jean-humbert-savoldelli?view=grid&collections%5B%5D=1607818,黄金武士
4d1a84a7a0d3,岁月,Years,exact_single,1,韩玉臣,hanyuchen.artron.net,https://hanyuchen.artron.net/,岁月
acd801e7b120,梦百合NO.5,Dream Lily No. 5,exact_single,1,铁心,tiexin.artron.net,https://tiexin.artron.net/,梦百合NO.5
9b845b101b5f,莎迦熊妹村,Saga Bear Sister Village,exact_single,1,戴泽,daize.artron.net,https://daize.artron.net/,莎迦熊妹村
73991c17113e,绽放之潮,,exact_single,1,Claire Denarie-Soffietti,artmajeur.com,https://www.artmajeur.com/claire-denarie-soffietti?view=grid&collections%5B%5D=2130209,绽放之潮
78c5df210341,月光码头,,exact_single,1,Nga Tran,artmajeur.com,https://www.artmajeur.com/nga-tran?view=grid&collections%5B%5D=2287606,月光码头
2acd084564cc,柏林世界青年联欢节,Berlin World Youth Festival,exact_single,1,戴泽,daize.artron.net,https://daize.artron.net/,柏林世界青年联欢节
e2a7d995adb0,父亲的爱,A Father's Love,exact_single,1,Picrate,artmajeur.com,https://www.artmajeur.com/picrate?view=grid&collections%5B%5D=1775407,父亲的爱
53f58f163b21,西安户县麦子地,"Wheat Fields in Huxian, Xi'an",exact_single,1,戴泽,daize.artron.net,https://daize.artron.net/,西安户县麦子地
33a514e2e078,循环,,exact_single,1,Annabelle Amory,artmajeur.com,https://www.artmajeur.com/annabelle-amory?view=grid&collections%5B%5D=2064842,循环
9b485248182d,《奇异梦幻》,Fantastic Dreams,ambiguous,2,黄建南,huangjiannan.artron.net,https://huangjiannan.artron.net/works_index_21,《奇异梦幻》
da62c0a19ce8,艺术圣殿的入口,Entrance to the Temple of Art,exact_single,1,戴泽,daize.artron.net,https://daize.artron.net/,艺术圣殿的入口
7e6096767b83,秋天的回忆,,exact_single,1,Nga Tran,artmajeur.com,https://www.artmajeur.com/nga-tran?view=grid&collections%5B%5D=2287606,秋天的回忆
c66e94da3f40,柔软的匕首,Soft Dagger,exact_single,1,,,,柔软的匕首
2459c8d5cb74,苍鹭,,exact_single,1,Elisa De Montis,artmajeur.com,https://www.artmajeur.com/elisa-de-montis?view=grid&collections%5B%5D=2450866,苍鹭
6e2fe2c082f1,母亲的喜悦,,exact_single,1,Ganiyat Abdulazeez,artmajeur.com,https://www.artmajeur.com/ganiyat-abdulazeez?view=grid&collections%5B%5D=2121668,母亲的喜悦
1d2dc99906a8,《全球化·克隆》,Globalization·Clone,exact_single,1,,,,《全球化·克隆》
df732c4410e3,避雨的小猪,Pig Sheltering from the Rain,exact_single,1,苏大朝,artist.artron.net,https://artist.artron.net/artists23462/sale-0-0-0-1-1/,避雨的小猪
ff377c0bca2d,秋水,Autumn Water,ambiguous,2,党中华; 管朴学,artist.artron.net; guanpuxue.artron.net,https://artist.artron.net/artists314; https://guanpuxue.artron.net/,秋水
5721636792b3,下十字架,Descent from the Cross,exact_single,1,岳敏君,yueminjun.artron.net,https://yueminjun.artron.net/,下十字架
3bf941aeddac,初兆,,unmatched,0,,,,
b7a79ddaff63,生活选择 II,,exact_single,1,Milos Hronec,artmajeur.com,https://www.artmajeur.com/milos-hronec?view=grid&collections%5B%5D=2390674,生活选择 II
63d8f42527b0,花之少女请教,Floral Maiden's Inquiry,exact_single,1,,,,花之少女请教
e20f640cb640,融合,Fusion,ambiguous,2,Antoine Alran; Robert Van Den Herik,artmajeur.com,https://www.artmajeur.com/antoine-alran?view=grid&collections%5B%5D=2199799; https://www.artmajeur.com/robert-van-den-herik?view=grid&collections%5B0%5D=1744639&page=2,融合
9331e1ff3566,平行线,,exact_single,1,Jean-Humbert Savoldelli,artmajeur.com,https://www.artmajeur.com/jean-humbert-savoldelli?view=grid&collections%5B%5D=1607818,平行线
a79ff7013cd8,早春记事,Early Spring Chronicles,unmatched,0,,,,
b17675cc0db9,发型师 1,,exact_single,1,Jean Luc Michon,artmajeur.com,https://www.artmajeur.com/jean-luc-michon?view=grid&collections%5B%5D=2220361,发型师 1
73ffe2c58df2,《浩瀚》,Vastness,ambiguous,2,黄建南,huangjiannan.artron.net,https://huangjiannan.artron.net/works_index_21,《浩瀚》
b8e6b93cca53,运气,Luck,exact_single,1,,,,运气
d967704a5a81,民谣,Ballad,unmatched,0,,,,
0d13932ce80b,我们的内心平静,Our Inner Peace,exact_single,1,,,,我们的内心平静
ad6225cb3b55,囚徒,Prisoner,exact_single,1,,,,囚徒
886d55758537,母女图,Mother and Daughter,exact_single,1,,,,母女图
0c4618751279,幸运男孩,,exact_single,1,Jean-Humbert Savoldelli,artmajeur.com,https://www.artmajeur.com/jean-humbert-savoldelli?view=grid&collections%5B%5D=1607818,幸运男孩
7135699f8c2c,梦与睡衣,,exact_single,1,Claire Denarie-Soffietti,artmajeur.com,https://www.artmajeur.com/claire-denarie-soffietti?view=grid&collections%5B%5D=2130209,梦与睡衣
79ea08d6c654,梦中的陪伴,,exact_single,1,Ta,artmajeur.com,https://www.artmajeur.com/ta00?view=grid&collections%5B0%5D=2214331&page=1,梦中的陪伴
bd8854389702,肮脏的思维,Dirty Mind,exact_single,1,,,,肮脏的思维
297676566b29,沉船,Shipwreck,exact_single,1,,,,沉船
0aa1912a9d55,高于一切,,exact_single,1,Milos Hronec,artmajeur.com,https://www.artmajeur.com/milos-hronec?view=grid&collections%5B%5D=2390674,高于一切
f5d6ddef0a0f,热情的女王,Passionate Queen,exact_single,1,,,,热情的女王
67a73d88fff6,海风,,exact_single,1,刘守信,liushouxin.artron.net,https://liushouxin.artron.net/works_index_1,海风
9d1567dbc357,梦幻风景,,exact_single,1,Aurelie Lafourcade,artmajeur.com,https://www.artmajeur.com/aurelie-lafourcade?view=grid&collections%5B%5D=2408860,梦幻风景
46f42ba64835,玩耍的夫妻两,Playing Couple,exact_single,1,苏大朝,artist.artron.net,https://artist.artron.net/artists23462/sale-0-0-0-1-1/,玩耍的夫妻两
9c7819d47c8a,为爱。蝴蝶舞。欣喜,,exact_single,1,Dags Vidulejs,artmajeur.com,https://www.artmajeur.com/dags-vidulejs?view=grid&collections%5B%5D=2194390,为爱。蝴蝶舞。欣喜
55fc7242b742,《城堡之夜》,Night of the Castle,exact_single,1,苏阳阳,artist.artron.net,https://artist.artron.net/artists5391/sale-0-0-0-1-1/,《城堡之夜》
973d4c876c05,时间的气息,,exact_single,1,Jean-Humbert Savoldelli,artmajeur.com,https://www.artmajeur.com/jean-humbert-savoldelli?view=grid&collections%5B%5D=1607818,时间的气息
a49a0ae8afb3,人骨,,exact_single,1,Milos Hronec,artmajeur.com,https://www.artmajeur.com/milos-hronec?view=grid&collections%5B%5D=2390674,人骨
568cc7cdc478,自然编码 雾中的长颈鹿,Nature Code: Giraffe in the Mist,exact_single,1,,,,自然编码 雾中的长颈鹿
a677adff2798,《冬奥将即》,Winter Olympics Approaching,ambiguous,2,黄建南,huangjiannan.artron.net,https://huangjiannan.artron.net/works_index_21,《冬奥将即》
346e12a14b8c,飞翔的荷兰人（永不安宁）,The Flying Dutchman (Never at Rest),exact_single,1,Robert Van Den Herik,artmajeur.com,https://www.artmajeur.com/robert-van-den-herik?view=grid&collections%5B0%5D=1744639&page=2,飞翔的荷兰人（永不安宁）
418d386d3c7f,邻居们,,exact_single,1,Igor Shulman,artmajeur.com,https://www.artmajeur.com/igor-shulman?view=grid&collections%5B%5D=1286191,邻居们
9d602bffd5f2,高原红,Plateau Red,exact_single,1,,,,高原红
1d761e9323fc,基尔海港的粉色回忆,Pink Memories of Kiel Harbor,exact_single,1,苏阳阳,artist.artron.net,https://artist.artron.net/artists5391/sale-0-0-0-1-1/,基尔海港的粉色回忆
6af04c4ce356,陷阱,Trap,exact_single,1,,,,陷阱
f4f9ac223836,冰河上,On the Glacier,exact_single,1,韩玉臣,hanyuchen.artron.net,https://hanyuchen.artron.net/,冰河上
339520abb056,怀旧的对称,,unmatched,0,,,,
18028c2b7b7e,期待回家,Longing to Return Home,exact_single,1,Robert Van Den Herik,artmajeur.com,https://www.artmajeur.com/robert-van-den-herik?view=grid&collections%5B0%5D=1744639&page=2,期待回家
35eb9ca69596,阿波罗纳的敬意,,exact_single,1,Manolis Maridakis,artmajeur.com,https://www.artmajeur.com/manolis-maridakis?view=grid&collections%5B%5D=2471758,阿波罗纳的敬意
523e1fe9c615,疲惫的力量,The Power of Exhaustion,exact_single,1,,,,疲惫的力量
14791f349980,仅此一次,,exact_single,1,Milos Hronec,artmajeur.com,https://www.artmajeur.com/milos-hronec?view=grid&collections%5B%5D=2390674,仅此一次
971645a03a25,魅力北大荒,Charming Northern Wilderness,exact_single,1,戴泽,daize.artron.net,https://daize.artron.net/,魅力北大荒
8fa40a09a8c2,犀牛大哥,Brother Rhino,exact_single,1,苏大朝,artist.artron.net,https://artist.artron.net/artists23462/sale-0-0-0-1-1/,犀牛大哥
87f2c69f311e,创世纪2,Genesis 2,exact_single,1,Oluwapelumi Olaosun,artmajeur.com,https://www.artmajeur.com/oluwapelumi-olaosun?view=grid&collections%5B%5D=2301889,创世纪2
659033ea8e11,拜石心如山,Heart as Steadfast as a Mountain,exact_single,1,马章乘,mazhangcheng.artron.net,https://mazhangcheng.artron.net/,拜石心如山
676e92cd763f,公牛与舞者,Bull and Dancer,exact_single,1,,,,公牛与舞者
fd32fb776339,沉思迷失,Pensive Lost,exact_single,1,Robert Van Den Herik,artmajeur.com,https://www.artmajeur.com/robert-van-den-herik?view=grid&collections%5B0%5D=1744639&page=2,沉思迷失
7ccbf4d30534,是的，我能,"Yes, I Can",exact_single,1,,,,是的，我能
023fc36cae8b,《穿越时空》,Timeless Journey,ambiguous,2,黄建南,huangjiannan.artron.net,https://huangjiannan.artron.net/works_index_21,《穿越时空》
08531ba6cd16,蓝莲花,Blue Lotus,exact_single,1,管朴学,guanpuxue.artron.net,https://guanpuxue.artron.net/,蓝莲花
6d8969f1935f,偶蹄目,,exact_single,1,Milos Hronec,artmajeur.com,https://www.artmajeur.com/milos-hronec?view=grid&collections%5B%5D=2390674,偶蹄目
a0b6a4908570,愤怒的男人,,exact_single,1,Milos Hronec,artmajeur.com,https://www.artmajeur.com/milos-hronec?view=grid&collections%5B%5D=2390674,愤怒的男人
a4fcd8aa1030,梦百合NO.6,Dream Lily No. 6,exact_single,1,铁心,tiexin.artron.net,https://tiexin.artron.net/,梦百合NO.6
93f86765442d,秋游,Autumn Outing,exact_single,1,戴泽,daize.artron.net,https://daize.artron.net/,秋游
012fd97b40ea,傲慢,Arrogance,exact_single,1,,,,傲慢
5f906544042d,春巷,,exact_single,1,Nga Tran,artmajeur.com,https://www.artmajeur.com/nga-tran?view=grid&collections%5B%5D=2287606,春巷
70f4e0a0d4dc,阿里老羊倌,Old Shepherd Ali,exact_single,1,韩玉臣,hanyuchen.artron.net,https://hanyuchen.artron.net/,阿里老羊倌
b080faf81093,承德秋色,Autumn Scenery in Chengde,exact_single,1,韩玉臣,hanyuchen.artron.net,https://hanyuchen.artron.net/,承德秋色
806581147a18,莎迦农民,Saga Farmers,exact_single,1,戴泽,daize.artron.net,https://daize.artron.net/,莎迦农民
b86ef5c6fdf9,第一颗星星,The First Star,exact_single,1,,,,第一颗星星
f75c28d0cbee,跳高,,exact_single,1,Igor Shulman,artmajeur.com,https://www.artmajeur.com/igor-shulman?view=grid&collections%5B%5D=1286191,跳高
f86f7f65b5a8,爱猫爱狗爱宠物,"Love Cats, Love Dogs, Love Pets",exact_single,1,,,,爱猫爱狗爱宠物
1312bd181e76,找到你的光芒,,exact_single,1,Antoine Alran,artmajeur.com,https://www.artmajeur.com/antoine-alran?view=grid&collections%5B%5D=2199799,找到你的光芒
8504dfc707f1,存在危机,,exact_single,1,Milos Hronec,artmajeur.com,https://www.artmajeur.com/milos-hronec?view=grid&collections%5B%5D=2390674,存在危机
47a1671704bf,建设者,Builders,ambiguous,2,戴泽,daize.artron.net,https://daize.artron.net/,建设者
cd180a38fc7a,施塔恩贝格帆影,Sailboats on Lake Starnberg,exact_single,1,苏阳阳,artist.artron.net,https://artist.artron.net/artists5391/sale-0-0-0-1-1/,施塔恩贝格帆影
21542c5ac543,我想要和平，而不是眼泪,,unmatched,0,,,,
24d60792ad18,痛苦的时间,Time of Suffering,exact_single,1,,,,痛苦的时间
8754b997a1bf,艺伎 II,,unmatched,0,,,,
f28e323f6f07,奇妙的飞翔,Marvelous Flight,exact_single,1,Picrate,artmajeur.com,https://www.artmajeur.com/picrate?view=grid&collections%5B%5D=1775407,奇妙的飞翔
08455cf1eb43,乱云飞渡,Scudding Clouds,exact_single,1,焦小健,baike.artron.net,https://baike.artron.net/artist?id=1958,乱云飞渡
c10ed07770f8,修建新疆库尔勒火车站,Constructing the Korla Train Station in Xinjiang,exact_single,1,戴泽,daize.artron.net,https://daize.artron.net/,修建新疆库尔勒火车站
9a2d71facbfa,在清泉的水中,In the Clear Spring Water,exact_single,1,,,,在清泉的水中
3dc81be3aee9,一段未指明的焦虑片段,An Unspecified Fragment of Anxiety,exact_single,1,,,,一段未指明的焦虑片段
c915ae732262,大新安岭的森林,The Forests of Greater Khingan,exact_single,1,戴泽,daize.artron.net,https://daize.artron.net/,大新安岭的森林
95a4e412b22a,云南之彩,Colors of Yunnan,exact_single,1,戴泽,daize.artron.net,https://daize.artron.net/,云南之彩
4c8e20323835,生存还是毁灭 II,To Be or Not to Be II,exact_single,1,,,,生存还是毁灭 II
14b6eeb1d5ce,涡轮爱国者的政治提议,Political Proposal of the Turbine Patriot,exact_single,1,,,,涡轮爱国者的政治提议
b7f9d3683c2b,穹海凝眸,Gazing at the Vast Sky,exact_single,1,阿丁,ading.artron.net,https://ading.artron.net/,穹海凝眸
4c717b62cd99,好好学习,Study Hard,exact_single,1,,,,好好学习
2910b3ec4bea,生命的源起,Origin of Life,exact_single,1,尘三,artist.artron.net,https://artist.artron.net/artists23471/sale-0-0-0-7-1/,生命的源起
2a90047f5f30,旷野,Wilderness,exact_single,1,戴泽,daize.artron.net,https://daize.artron.net/,旷野
f42bae375c68,圣人之墓,Tomb of the Sage,exact_single,1,,,,圣人之墓
82dae97f1718,光雾秋色,Autumn Mist and Light,exact_single,1,阿丁,ading.artron.net,https://ading.artron.net/,光雾秋色
6c5787c90201,昊天,Vast Sky,exact_single,1,尘三,artist.artron.net,https://artist.artron.net/artists23471/sale-0-0-0-7-1/,昊天
54be9e80c788,高原之花,Highland Flower,ambiguous,3,戴泽; 黄建南,daize.artron.net; huangjiannan.artron.net,https://daize.artron.net/; https://huangjiannan.artron.net/works_index_21,高原之花
0c006cf8053d,世界是一个大家庭,The World is One Big Family,exact_single,1,Picrate,artmajeur.com,https://www.artmajeur.com/picrate?view=grid&collections%5B%5D=1775407,世界是一个大家庭
1e1fac09ec6a,骗子,,exact_single,1,Milos Hronec,artmajeur.com,https://www.artmajeur.com/milos-hronec?view=grid&collections%5B%5D=2390674,骗子
af6b433a0636,玉树青年,Jade Tree Youth,exact_single,1,戴泽,daize.artron.net,https://daize.artron.net/,玉树青年
46c292c90935,镜山,Mirror Mountain,exact_single,1,管朴学,guanpuxue.artron.net,https://guanpuxue.artron.net/,镜山
5015332e0585,《大漠风情》,Desert Charm,ambiguous,2,黄建南,huangjiannan.artron.net,https://huangjiannan.artron.net/works_index_21,《大漠风情》
5896eae191c8,江山似风清,Mountains and Rivers Like a Clear Breeze,exact_single,1,马章乘,mazhangcheng.artron.net,https://mazhangcheng.artron.net/,江山似风清
81f21b9d1214,清算时刻,Moment of Reckoning,exact_single,1,,,,清算时刻
776b4845431b,超越,,unmatched,0,,,,
e0001cbfcf57,大锡嘴,Big Tin Beak,exact_single,1,戴泽,daize.artron.net,https://daize.artron.net/,大锡嘴
1278288f5df4,沐浴中的黛安,,exact_single,1,Alain Vintenon,artmajeur.com,https://www.artmajeur.com/alain-vintenon?view=grid&collections%5B%5D=2312140,沐浴中的黛安
4aab7939c10d,共生,,exact_single,1,Jean-Humbert Savoldelli,artmajeur.com,https://www.artmajeur.com/jean-humbert-savoldelli?view=grid&collections%5B%5D=1607818,共生
cb818bb33886,互惠,Reciprocity,exact_single,1,Robert Van Den Herik,artmajeur.com,https://www.artmajeur.com/robert-van-den-herik?view=grid&collections%5B0%5D=1744639&page=2,互惠
a07976bbfe5f,巅峰,,unmatched,0,,,,
dbec299f61c3,触,Touch,exact_single,1,苏大朝,artist.artron.net,https://artist.artron.net/artists23462/sale-0-0-0-1-1/,触
2bb48deea443,永恒的影响,Eternal Influence,exact_single,1,,,,永恒的影响
0b2b92989712,生命节奏,,exact_single,1,Nga Tran,artmajeur.com,https://www.artmajeur.com/nga-tran?view=grid&collections%5B%5D=2287606,生命节奏
01252760995f,《时空》,Spacetime,ambiguous,2,黄建南,huangjiannan.artron.net,https://huangjiannan.artron.net/works_index_21,《时空》
184be999791b,鹦鹉与女性同行,Parrot and Woman Walking Together,exact_single,1,,,,鹦鹉与女性同行
b661535ffe1b,坝上暮色,Evening at Bashang,exact_single,1,苏阳阳,artist.artron.net,https://artist.artron.net/artists5391/sale-0-0-0-1-1/,坝上暮色
b29fc468059d,斗牛士,,exact_single,1,Jean-Humbert Savoldelli,artmajeur.com,https://www.artmajeur.com/jean-humbert-savoldelli?view=grid&collections%5B%5D=1607818,斗牛士
df6fef0c8fff,美丽的小瞬间,,exact_single,1,Milos Hronec,artmajeur.com,https://www.artmajeur.com/milos-hronec?view=grid&collections%5B%5D=2390674,美丽的小瞬间
cf52f1ad0b48,日食,,exact_single,1,Annabelle Amory,artmajeur.com,https://www.artmajeur.com/annabelle-amory?view=grid&collections%5B%5D=2064842,日食
dd385488dbc1,飞行,,unmatched,0,,,,
429f6fb5a363,你在沉默中哭泣,Crying in Silence,exact_single,1,,,,你在沉默中哭泣
eb4303a8bb3c,金色回声,,exact_single,1,Alex Senchenko,artmajeur.com,https://www.artmajeur.com/senchenko?view=grid&collections%5B%5D=1872680,金色回声
e28f63fde1bf,金色降临,,exact_single,1,Alex Senchenko,artmajeur.com,https://www.artmajeur.com/senchenko?view=grid&collections%5B%5D=1872680,金色降临
5c21137058dc,梦百合NO.17,Dream Lily No. 17,exact_single,1,铁心,tiexin.artron.net,https://tiexin.artron.net/,梦百合NO.17
df934ec0cfa8,川流不息,Endless Flow,exact_single,1,苏阳阳,artist.artron.net,https://artist.artron.net/artists5391/sale-0-0-0-1-1/,川流不息
4e22cb6f04b9,馊主意,Bad Idea,exact_single,1,,,,馊主意
42dbb4c4a1c4,武松与虎斗,Wu Song Fights the Tiger,exact_single,1,,,,武松与虎斗
c288e629c7a8,回家的路上,On the Way Home,exact_single,1,Robert Van Den Herik,artmajeur.com,https://www.artmajeur.com/robert-van-den-herik?view=grid&collections%5B0%5D=1744639&page=2,回家的路上
b6c2cdc191a6,美丽无处不在,,exact_single,1,Ganiyat Abdulazeez,artmajeur.com,https://www.artmajeur.com/ganiyat-abdulazeez?view=grid&collections%5B%5D=2121668,美丽无处不在
2a946166afb9,了不起的父母,Remarkable Parents,exact_single,1,Picrate,artmajeur.com,https://www.artmajeur.com/picrate?view=grid&collections%5B%5D=1775407,了不起的父母
2a288cf75bb4,月球之旅,,unmatched,0,,,,
0240c1cfde86,《星际》,Interstellar,ambiguous,3,党中华; 黄建南,artist.artron.net; huangjiannan.artron.net,https://artist.artron.net/artists314; https://huangjiannan.artron.net/works_index_21,《星际》; 星际
01cf68b3e4d7,逆风,,exact_single,1,Jean-Humbert Savoldelli,artmajeur.com,https://www.artmajeur.com/jean-humbert-savoldelli?view=grid&collections%5B%5D=1607818,逆风
f4a566d593e1,黑白映光,Black and White Reflection,exact_single,1,苏阳阳,artist.artron.net,https://artist.artron.net/artists5391/sale-0-0-0-1-1/,黑白映光
2f0f3f900c84,不安的房间,Uneasy Room,exact_single,1,,,,不安的房间 
1dc4834b94cd,生产队长的心愿——不带菜的窝窝头,The Team Leader's Wish: Plain Cornbread,exact_single,1,戴泽,daize.artron.net,https://daize.artron.net/,生产队长的心愿——不带菜的窝窝头
7bb2674c7d1b,五月长白,May in Changbai,unmatched,0,,,,
8e790c84a78b,卧佛寺银杏,Ginkgo at the Reclining Buddha Temple,exact_single,1,戴泽,daize.artron.net,https://daize.artron.net/,卧佛寺银杏
19b681c2ab3c,一家子,Family,ambiguous,2,陈可之; 韩玉臣,chenkezhi.artron.net; hanyuchen.artron.net,https://chenkezhi.artron.net/works_index_1; https://hanyuchen.artron.net/,一家子
be9bef105d82,三个文人,Three Scholars,exact_single,1,,,,三个文人
0b65f4c5efb7,《丽色班公湖》,Beautiful Colors of Bangong Lake,ambiguous,2,黄建南,huangjiannan.artron.net,https://huangjiannan.artron.net/works_index_21,《丽色班公湖》
aa04d3a59666,昨晚回家晚了,Got Home Late Last Night,exact_single,1,Robert Van Den Herik,artmajeur.com,https://www.artmajeur.com/robert-van-den-herik?view=grid&collections%5B0%5D=1744639&page=2,昨晚回家晚了
3a775e620d08,拙劣的时光,Awkward Times,exact_single,1,,,,拙劣的时光
7abd4bc6b427,交错舞步,,exact_single,1,Jean-Humbert Savoldelli,artmajeur.com,https://www.artmajeur.com/jean-humbert-savoldelli?view=grid&collections%5B%5D=1607818,交错舞步
0c4c376fd752,在无花果树荫下,,exact_single,1,Alain Vintenon,artmajeur.com,https://www.artmajeur.com/alain-vintenon?view=grid&collections%5B%5D=2312140,在无花果树荫下
a00325882fb9,手势,,exact_single,1,Viktor Sheleg,artmajeur.com,https://www.artmajeur.com/zh/yi-shu-pin?hybrid_query=%20Viktor%20Sheleg%20,手势
4c25ac9780ad,永恒的爱侣,,unmatched,0,,,,
515a5b3133a9,火灾,Fire,exact_single,1,,,,火灾
e12380e35ca6,牛头怪,Minotaur,exact_single,1,,,,牛头怪
21b748333617,圣诞童话,,exact_single,1,Dags Vidulejs,artmajeur.com,https://www.artmajeur.com/dags-vidulejs?view=grid&collections%5B%5D=2194390,圣诞童话
24ba661732cd,邻居的日常生活,,exact_single,1,Dags Vidulejs,artmajeur.com,https://www.artmajeur.com/dags-vidulejs?view=grid&collections%5B%5D=2194390,邻居的日常生活
7ebd9e449369,《荷塘追梦系列之六》,Pursuing Dreams in the Lotus Pond Series No. 6,exact_single,1,铁心,tiexin.artron.net,https://tiexin.artron.net/,《荷塘追梦系列之六》
ea48b59e8c1c,徐悲鸿,Xu Beihong,exact_single,1,戴泽,daize.artron.net,https://daize.artron.net/,徐悲鸿
279901b23290,《超能量》,Super Energy,ambiguous,2,黄建南,huangjiannan.artron.net,https://huangjiannan.artron.net/works_index_21,《超能量》
6906596220e0,初春知山青,"Early Spring, Knowing the Mountains are Green",exact_single,1,马章乘,mazhangcheng.artron.net,https://mazhangcheng.artron.net/,初春知山青
24fdad87bf82,被遗忘的玩具,Forgotten Toys,exact_single,1,,,,被遗忘的玩具
438a768615a3,童趣天成,Innocence Naturally,exact_single,1,韩玉臣,hanyuchen.artron.net,https://hanyuchen.artron.net/,童趣天成
2a77f41f7618,社会主义民主德国见闻·柏林街头的火车,Train on the Streets of Berlin,exact_single,1,戴泽,daize.artron.net,https://daize.artron.net/,社会主义民主德国见闻·柏林街头的火车
a8132cc930c9,花开富贵,Blooming Prosperity,ambiguous,2,海阳; 马章乘,haiyang.artron.net; mazhangcheng.artron.net,https://haiyang.artron.net/works_index_1; https://mazhangcheng.artron.net/,花开富贵
37c03019096a,关于人和鸟,,exact_single,1,Igor Shulman,artmajeur.com,https://www.artmajeur.com/igor-shulman?view=grid&collections%5B%5D=1286191,关于人和鸟
3714cb01b381,爱,Love,exact_single,1,苏大朝,artist.artron.net,https://artist.artron.net/artists23462/sale-0-0-0-1-1/,爱
4e8cf82d22dd,冰荷花,Frozen Lotus,exact_single,1,管朴学,guanpuxue.artron.net,https://guanpuxue.artron.net/,冰荷花
b38ea6b2f3f9,吻,,exact_single,1,Jean-Humbert Savoldelli,artmajeur.com,https://www.artmajeur.com/jean-humbert-savoldelli?view=grid&collections%5B%5D=1607818,吻
08c6e2d550ba,平静的湖,Calm Lake,exact_single,1,苏阳阳,artist.artron.net,https://artist.artron.net/artists5391/sale-0-0-0-1-1/,平静的湖
ef298d42dcb3,入胜,Enthralling,exact_single,1,韩玉臣,hanyuchen.artron.net,https://hanyuchen.artron.net/,入胜
690091d15403,犀之爱,Rhinoceros Love,exact_single,1,苏大朝,artist.artron.net,https://artist.artron.net/artists23462/sale-0-0-0-1-1/,犀之爱
2e127cc1741f,楠楠的幸福,Nan's Happiness,exact_single,1,海阳,haiyang.artron.net,https://haiyang.artron.net/works_index_1,楠楠的幸福
242613ff3ffe,死亡的快乐马戏团再次来到镇上,,exact_single,1,Viktor Sheleg,artmajeur.com,https://www.artmajeur.com/zh/yi-shu-pin?hybrid_query=%20Viktor%20Sheleg%20,死亡的快乐马戏团再次来到镇上
70b2a8615a4b,中央美院旧址,Former Site of the Central Academy of Fine Arts,exact_single,1,戴泽,daize.artron.net,https://daize.artron.net/,中央美院旧址
bd2e9a0420fb,情侣,Couple,exact_single,1,,,,情侣
9b45ce47e3a3,俯瞰雪山,Overlooking Snow Mountain,exact_single,1,尘三,artist.artron.net,https://artist.artron.net/artists23471/sale-0-0-0-7-1/,俯瞰雪山
24f730159543,丘比特与蓝鸟,Cupid and the Bluebird,exact_single,1,Picrate,artmajeur.com,https://www.artmajeur.com/picrate?view=grid&collections%5B%5D=1775407,丘比特与蓝鸟
25e948ee6e29,金婚庆典,,exact_single,1,Jean-Humbert Savoldelli,artmajeur.com,https://www.artmajeur.com/jean-humbert-savoldelli?view=grid&collections%5B%5D=1607818,金婚庆典
c31d55b83053,《山魂》,Mountain Soul,ambiguous,2,黄建南,huangjiannan.artron.net,https://huangjiannan.artron.net/works_index_21,《山魂》
ae3fa8bc7708,隆胸,Breast Augmentation,exact_single,1,,,,隆胸
edc0c121e913,亲密的幸福感,,exact_single,1,Milos Hronec,artmajeur.com,https://www.artmajeur.com/milos-hronec?view=grid&collections%5B%5D=2390674,亲密的幸福感
221db885cfc0,生命之花,Flower of Life,exact_single,1,苏大朝,artist.artron.net,https://artist.artron.net/artists23462/sale-0-0-0-1-1/,生命之花
187d0f33837e,江南山水,Jiangnan Landscape,exact_single,1,马章乘,mazhangcheng.artron.net,https://mazhangcheng.artron.net/,江南山水
4742f89b46a4,自由的马,Horse of Freedom,exact_single,1,苏阳阳,artist.artron.net,https://artist.artron.net/artists5391/sale-0-0-0-1-1/,自由的马
2ebc385753bb,向上,,exact_single,1,Antoine Alran,artmajeur.com,https://www.artmajeur.com/antoine-alran?view=grid&collections%5B%5D=2199799,向上
ea18ed368692,沐雪,Snow Bath,exact_single,1,韩玉臣,hanyuchen.artron.net,https://hanyuchen.artron.net/,沐雪
54820674c2de,马拉巴尔的时光,,exact_single,1,Ta,artmajeur.com,https://www.artmajeur.com/ta00?view=grid&collections%5B0%5D=2214331&page=1,马拉巴尔的时光
d11570f99aea,未来的幽灵,Specters of the Future,exact_single,1,,,,未来的幽灵
8ca1fe82e404,野性低语,Whispers of the Wild,exact_single,1,,,,野性低语
d1d1cc8a6540,拥抱,Embrace,exact_single,1,,,,拥抱
0e42106d4e5d,《财神-来客》,God of Wealth - Visitor,ambiguous,2,黄建南,huangjiannan.artron.net,https://huangjiannan.artron.net/works_index_21,《财神-来客》
c49334837975,维族女大夫,Uyghur Female Doctor,exact_single,1,戴泽,daize.artron.net,https://daize.artron.net/,维族女大夫
f3274e0cb018,然乌湖上,Above Ranwu Lake,exact_single,1,韩玉臣,hanyuchen.artron.net,https://hanyuchen.artron.net/,然乌湖上
aafc679bb369,攀登,Ascent,ambiguous,2,陈可之,chenkezhi.artron.net,https://chenkezhi.artron.net/works_index_1,攀登
55552ff4cf01,水果碗,Fruit Bowl,exact_single,1,,,,水果碗
824073da84f8,催眠,,exact_single,1,Claire Denarie-Soffietti,artmajeur.com,https://www.artmajeur.com/claire-denarie-soffietti?view=grid&collections%5B%5D=2130209,催眠
fbb6afb33008,跟随我,,exact_single,1,Jean-Humbert Savoldelli,artmajeur.com,https://www.artmajeur.com/jean-humbert-savoldelli?view=grid&collections%5B%5D=1607818,跟随我
cdc74335c731,危险之花,Perilous Bloom,ambiguous,2,黄建南,huangjiannan.artron.net,https://huangjiannan.artron.net/works_index_21,危险之花
feb7cc752aeb,光辉者,The Luminous One,exact_single,1,Robert Van Den Herik,artmajeur.com,https://www.artmajeur.com/robert-van-den-herik?view=grid&collections%5B0%5D=1744639&page=2,光辉者
e8a22fc271c3,牛&羊&马,"Cattle, Sheep, and Horse",exact_single,1,,,,牛&羊&马
26e786725d68,红荷,Red Lotus,exact_single,1,管朴学,guanpuxue.artron.net,https://guanpuxue.artron.net/,红荷
6e4f70e87e2a,双胞胎,Twins,exact_single,1,,,,双胞胎
698916fa730e,恐惧与美丽,,exact_single,1,Milos Hronec,artmajeur.com,https://www.artmajeur.com/milos-hronec?view=grid&collections%5B%5D=2390674,恐惧与美丽
0b504a914864,孤独的十三种形式,,exact_single,1,Milos Hronec,artmajeur.com,https://www.artmajeur.com/milos-hronec?view=grid&collections%5B%5D=2390674,孤独的十三种形式
49491744a221,欧盟议会. 真理部,European Parliament: Ministry of Truth,exact_single,1,,,,欧盟议会. 真理部
b6a9dd8b160d,多肉植物,,exact_single,1,Milos Hronec,artmajeur.com,https://www.artmajeur.com/milos-hronec?view=grid&collections%5B%5D=2390674,多肉植物
46a9f9cc9b63,佛说之二,Buddha Speaks II,exact_single,1,海阳,haiyang.artron.net,https://haiyang.artron.net/works_index_1,佛说之二
bce662082939,要,Want,exact_single,1,,,,要
63f27c874c93,衰亡与重生,,exact_single,1,Alex Senchenko,artmajeur.com,https://www.artmajeur.com/senchenko?view=grid&collections%5B%5D=1872680,衰亡与重生
55f16309af16,薛涛井,Xue Tao Well,exact_single,1,戴泽,daize.artron.net,https://daize.artron.net/,薛涛井
f1968e5f13bd,阴谋,Conspiracy,exact_single,1,,,,阴谋
be09a41ed56d,想,Thoughts,exact_single,1,苏大朝,artist.artron.net,https://artist.artron.net/artists23462/sale-0-0-0-1-1/,想
81f6410d0bc7,超人,Superman,exact_single,1,,,,超人
44b1f11fdaae,三重奏,,exact_single,1,Jean Luc Michon,artmajeur.com,https://www.artmajeur.com/jean-luc-michon?view=grid&collections%5B%5D=2220361,三重奏
4740a2f42eaa,祷,Prayer,unmatched,0,,,,
5ddc1f67ecc3,月之泪,,exact_single,1,Jean-Humbert Savoldelli,artmajeur.com,https://www.artmajeur.com/jean-humbert-savoldelli?view=grid&collections%5B%5D=1607818,月之泪
315a945823c3,乡村的一部分,A Part of the Countryside,exact_single,1,,,,乡村的一部分
3d0784449964,花开见佛,Blossoms Reveal Buddha,unmatched,0,,,,
5cc9e4ef008b,建筑纹理 2025,,exact_single,1,Jean-Humbert Savoldelli,artmajeur.com,https://www.artmajeur.com/jean-humbert-savoldelli?view=grid&collections%5B%5D=1607818,建筑纹理 2025
a2cddf0e6eeb,自我之蚀,,exact_single,1,Bogdan Dide,artmajeur.com,https://www.artmajeur.com/bogdan-dide?view=grid&collections%5B%5D=1714582,自我之蚀
ae1f62637d2b,爵士乐队 1,,exact_single,1,Jean Luc Michon,artmajeur.com,https://www.artmajeur.com/jean-luc-michon?view=grid&collections%5B%5D=2220361,爵士乐队 1
27f70741ed56,我爱你,,exact_single,1,Antoine Alran,artmajeur.com,https://www.artmajeur.com/antoine-alran?view=grid&collections%5B%5D=2199799,我爱你
b7968aedadc5,花卉节奏,,exact_single,1,Alex Senchenko,artmajeur.com,https://www.artmajeur.com/senchenko?view=grid&collections%5B%5D=1872680,花卉节奏
b83d22c85cbc,坝上春色,Spring Colors on the Dam,exact_single,1,苏阳阳,artist.artron.net,https://artist.artron.net/artists5391/sale-0-0-0-1-1/,坝上春色
6321cf36a06c,阳光下,In the Sun,exact_single,1,韩玉臣,hanyuchen.artron.net,https://hanyuchen.artron.net/,阳光下
87616f06a1b7,旅行的艺术,The Art of Travel,exact_single,1,Robert Van Den Herik,artmajeur.com,https://www.artmajeur.com/robert-van-den-herik?view=grid&collections%5B0%5D=1744639&page=2,旅行的艺术
a033b6741022,异恐症,异恐症,exact_single,1,,,,异恐症
3c9507b98c9a,橄榄树,,exact_single,1,Manolis Maridakis,artmajeur.com,https://www.artmajeur.com/manolis-maridakis?view=grid&collections%5B%5D=2471758,橄榄树
faf09d21ad38,翠日,Jade Sun,exact_single,1,尘三,artist.artron.net,https://artist.artron.net/artists23471/sale-0-0-0-7-1/,翠日
fdeb5e436b16,埃隆·马斯克推特带来言论自由的希望,Elon Musk's Twitter Brings Hope for Free Speech,exact_single,1,,,,埃隆·马斯克推特带来言论自由的希望
da0956903985,原子战争后的欧盟社会,Post-Atomic War European Union Society,exact_single,1,,,,原子战争后的欧盟社会
b47b82a49dbf,前门护城河边,By the Moat at Qianmen,exact_single,1,戴泽,daize.artron.net,https://daize.artron.net/,前门护城河边
e295ccec406f,我的朋友自闭症者,My Friend with Autism,exact_single,1,,,,我的朋友自闭症者
c402603fc5d9,少女的心事,A Girl's Thoughts,exact_single,1,海阳,haiyang.artron.net,https://haiyang.artron.net/works_index_1,少女的心事
7b64927c8360,良知之案,Case of Conscience,exact_single,1,,,,良知之案
feda6912b8fb,我的美丽花园！,,unmatched,0,,,,
5e5774946afc,我的家,My Home,exact_single,1,戴泽,daize.artron.net,https://daize.artron.net/,我的家
5ddffd24eba9,战争,War,exact_single,1,,,,战争
2957000c7eb1,爸爸的喇叭,,exact_single,1,Igor Shulman,artmajeur.com,https://www.artmajeur.com/igor-shulman?view=grid&collections%5B%5D=1286191,爸爸的喇叭
32c426ef526c,放牧,Herding,exact_single,1,韩玉臣,hanyuchen.artron.net,https://hanyuchen.artron.net/,放牧
a987f6dd98e2,东方之子,Child of the East,exact_single,1,,,,东方之子
80706b0a7e10,集市,Market,unmatched,0,,,,
d5a7c286c606,酷女孩_酷普桑_天才女孩,"Cool Girl, Cool Pusan, Genius Girl",exact_single,1,,,,酷女孩_酷普桑_天才女孩
abd845aba974,汉口码头,Hankou Wharf,exact_single,1,戴泽,daize.artron.net,https://daize.artron.net/,汉口码头
550dec6accd8,爬行动物,,exact_single,1,Milos Hronec,artmajeur.com,https://www.artmajeur.com/milos-hronec?view=grid&collections%5B%5D=2390674,爬行动物
fce710c630a2,胸有朝霞油画,Morning Glow in the Heart,exact_single,1,韩玉臣,hanyuchen.artron.net,https://hanyuchen.artron.net/,胸有朝霞油画
01eedc4f0bde,轻盈的心,Light Heart,exact_single,1,Picrate,artmajeur.com,https://www.artmajeur.com/picrate?view=grid&collections%5B%5D=1775407,轻盈的心
f96ec088c4a6,无罪的惩罚,Innocent Punishment,exact_single,1,,,,无罪的惩罚
ffc7dd833b1f,飞鱼,Flying Fish,exact_single,1,Picrate,artmajeur.com,https://www.artmajeur.com/picrate?view=grid&collections%5B%5D=1775407,飞鱼
9a269e54660f,世界之王,King of the World,exact_single,1,,,,世界之王
479fd5f57272,酒精狂热,,exact_single,1,Milos Hronec,artmajeur.com,https://www.artmajeur.com/milos-hronec?view=grid&collections%5B%5D=2390674,酒精狂热
041d78b3fe74,月落大道,Moonlit Avenue,exact_single,1,Robert Van Den Herik,artmajeur.com,https://www.artmajeur.com/robert-van-den-herik?view=grid&collections%5B0%5D=1744639&page=2,月落大道
a363799c7029,红牡丹,Red Peony,exact_single,1,管朴学,guanpuxue.artron.net,https://guanpuxue.artron.net/,红牡丹
00efdeeb5602,暗潮,Undercurrent,exact_single,1,,,,暗潮
28c19f39268b,黎明,,exact_single,1,Nga Tran,artmajeur.com,https://www.artmajeur.com/nga-tran?view=grid&collections%5B%5D=2287606,黎明
50142a5ba6bb,通往耶路撒冷的路上,,unmatched,0,,,,
9c85df9ec3f4,海上的黎明,,unmatched,0,,,,
625823d46eb1,母爱,Maternal Love,exact_single,1,苏大朝,artist.artron.net,https://artist.artron.net/artists23462/sale-0-0-0-1-1/,母爱
853726305a18,快乐,Joy,exact_single,1,,,,快乐
a134c9d00012,献祭,Offering,ambiguous,2,,,,献祭; 献祭 
f303b15c874f,锁闭,Enclosure,exact_single,1,,,,锁闭
d5e60afbccdb,自由金笼,Golden Cage of Freedom,exact_single,1,,,,自由金笼
ee4282fd3b2c,死后的生活,Afterlife,exact_single,1,,,,死后的生活
23b89883c51a,粉彩幻想,,exact_single,1,Alex Senchenko,artmajeur.com,https://www.artmajeur.com/senchenko?view=grid&collections%5B%5D=1872680,粉彩幻想
239837aad780,晨曦,Dawn,ambiguous,2,Ta; 海阳,artmajeur.com; haiyang.artron.net,https://haiyang.artron.net/works_index_1; https://www.artmajeur.com/ta00?view=grid&collections%5B0%5D=2214331&page=1,晨曦
91cdf479eba2,草原牧场,Grassland Pasture,exact_single,1,海阳,haiyang.artron.net,https://haiyang.artron.net/works_index_1,草原牧场
fc34ffd73288,人性生命探戈,,exact_single,1,Dags Vidulejs,artmajeur.com,https://www.artmajeur.com/dags-vidulejs?view=grid&collections%5B%5D=2194390,人性生命探戈
2b5451ec845e,不是最好的肖像。,,exact_single,1,Igor Shulman,artmajeur.com,https://www.artmajeur.com/igor-shulman?view=grid&collections%5B%5D=1286191,不是最好的肖像。
d29c30fd26e2,黄花城长城脚下,At the Foot of Huanghuacheng Great Wall,exact_single,1,戴泽,daize.artron.net,https://daize.artron.net/,黄花城长城脚下
5d31018194ba,山秋,Autumn Mountain,exact_single,1,马章乘,mazhangcheng.artron.net,https://mazhangcheng.artron.net/,山秋
abe7454078ed,花旗藤,Wisteria,exact_single,1,戴泽,daize.artron.net,https://daize.artron.net/,花旗藤
bfa34097d572,救命,Lifesaver,exact_single,1,,,,救命
ec449caa9784,琼斯夫人 1,,exact_single,1,Jean Luc Michon,artmajeur.com,https://www.artmajeur.com/jean-luc-michon?view=grid&collections%5B%5D=2220361,琼斯夫人 1
15fc1a0c70f3,她的色彩在他的世界里。风格的结合。,Her Colors in His World: A Fusion of Styles,exact_single,1,Robert Van Den Herik,artmajeur.com,https://www.artmajeur.com/robert-van-den-herik?view=grid&collections%5B0%5D=1744639&page=2,她的色彩在他的世界里。风格的结合。
b9a212f5a0a3,启迪之街,Street of Inspiration,exact_single,1,Robert Van Den Herik,artmajeur.com,https://www.artmajeur.com/robert-van-den-herik?view=grid&collections%5B0%5D=1744639&page=2,启迪之街
b793fc7423a7,纯净的风景,Pure Landscape,exact_single,1,阿丁,ading.artron.net,https://ading.artron.net/,纯净的风景
ae0752678846,黑色之美,The Beauty of Black,exact_single,1,Oluwapelumi Olaosun,artmajeur.com,https://www.artmajeur.com/oluwapelumi-olaosun?view=grid&collections%5B%5D=2301889,黑色之美
177248a0aa54,把飞鱼关进笼子里,Caging the Flying Fish,exact_single,1,,,,把飞鱼关进笼子里 
f04b1f0b31f3,《脉之歌》,Song of the Pulse,ambiguous,2,黄建南,huangjiannan.artron.net,https://huangjiannan.artron.net/works_index_21,《脉之歌》
61a49d987245,《班公湖夜色》,Night Scene at Bangong Lake,ambiguous,2,黄建南,huangjiannan.artron.net,https://huangjiannan.artron.net/works_index_21,《班公湖夜色》
97ed6cda79b4,耐心,,exact_single,1,Annabelle Amory,artmajeur.com,https://www.artmajeur.com/annabelle-amory?view=grid&collections%5B%5D=2064842,耐心
98f4318bd9cd,在不同世界间漫游,Wandering Between Worlds,exact_single,1,Robert Van Den Herik,artmajeur.com,https://www.artmajeur.com/robert-van-den-herik?view=grid&collections%5B0%5D=1744639&page=2,在不同世界间漫游
3a46f877074a,意外,,exact_single,1,Milos Hronec,artmajeur.com,https://www.artmajeur.com/milos-hronec?view=grid&collections%5B%5D=2390674,意外
e74553f57e8e,上瘾 5,,exact_single,1,Jean Luc Michon,artmajeur.com,https://www.artmajeur.com/jean-luc-michon?view=grid&collections%5B%5D=2220361,上瘾 5
504f295bb23d,幽竹,Quiet Bamboo,exact_single,1,马章乘,mazhangcheng.artron.net,https://mazhangcheng.artron.net/,幽竹
c53eb2a3583f,入侵者,Intruder,exact_single,1,,,,入侵者
00c441a09cf5,教父 1,,exact_single,1,Jean Luc Michon,artmajeur.com,https://www.artmajeur.com/jean-luc-michon?view=grid&collections%5B%5D=2220361,教父 1
f7513c4b7f7f,爱丽丝,Alice,exact_single,1,,,,爱丽丝
0bc527998d55,保护的海岸线,Protected Coastline,exact_single,1,Robert Van Den Herik,artmajeur.com,https://www.artmajeur.com/robert-van-den-herik?view=grid&collections%5B0%5D=1744639&page=2,保护的海岸线
77516cda554b,竹之气节,The Spirit of Bamboo,exact_single,1,马章乘,mazhangcheng.artron.net,https://mazhangcheng.artron.net/,竹之气节
41f2b54f4612,香山晴雪,Fragrant Hills in Clear Snow,exact_single,1,戴泽,daize.artron.net,https://daize.artron.net/,香山晴雪
7f350fb01a7f,梦高原,Dream Plateau,ambiguous,2,黄建南,huangjiannan.artron.net,https://huangjiannan.artron.net/works_index_21,梦高原
75e059b33175,友谊是神圣的,Friendship is Sacred,exact_single,1,,,,友谊是神圣的
d55f65df7a2d,不可得性,,exact_single,1,Milos Hronec,artmajeur.com,https://www.artmajeur.com/milos-hronec?view=grid&collections%5B%5D=2390674,不可得性
45d0ccf60698,胜利,,exact_single,1,Milos Hronec,artmajeur.com,https://www.artmajeur.com/milos-hronec?view=grid&collections%5B%5D=2390674,胜利
743923a7bf97,死亡之美,,exact_single,1,Milos Hronec,artmajeur.com,https://www.artmajeur.com/milos-hronec?view=grid&collections%5B%5D=2390674,死亡之美
b29d63fdc787,羊驼,Alpaca,exact_single,1,苏大朝,artist.artron.net,https://artist.artron.net/artists23462/sale-0-0-0-1-1/,羊驼
1da515468f53,恐龙,,exact_single,1,Milos Hronec,artmajeur.com,https://www.artmajeur.com/milos-hronec?view=grid&collections%5B%5D=2390674,恐龙
0cb8281a6340,行走的道路,,exact_single,1,Jean-Humbert Savoldelli,artmajeur.com,https://www.artmajeur.com/jean-humbert-savoldelli?view=grid&collections%5B%5D=1607818,行走的道路
25e9eca69842,深红色的背景,Crimson Background,exact_single,1,戴泽,daize.artron.net,https://daize.artron.net/,深红色的背景
638a73151923,童年回忆,,exact_single,1,Milos Hronec,artmajeur.com,https://www.artmajeur.com/milos-hronec?view=grid&collections%5B%5D=2390674,童年回忆
a5cee8a3ab8e,东方红,The East is Red,unmatched,0,,,,
6505d0742fc8,文人,Scholar,exact_single,1,,,,文人
a7cbf23fc15c,教士,,unmatched,0,,,,
50a82e02bdcb,救命，爸爸,"Help, Dad",exact_single,1,,,,救命，爸爸
27f77a412f5b,项目_车站_ #18,,exact_single,1,Igor Shulman,artmajeur.com,https://www.artmajeur.com/igor-shulman?view=grid&collections%5B%5D=1286191,项目_车站_ #18
1a8052c3eb75,布达拉宫,Potala Palace,exact_single,1,戴泽,daize.artron.net,https://daize.artron.net/,布达拉宫
b7c6eb36b083,外面的世界,The Outside World,exact_single,1,韩玉臣,hanyuchen.artron.net,https://hanyuchen.artron.net/,外面的世界
0ec3a3bd55bb,孤独的漫步,Solitary Stroll,exact_single,1,,,,孤独的漫步
d0fc09c944a0,名牌,Famous Brand,exact_single,1,,,,名牌
f15cf677e4db,表象与透明（几何系列）,,exact_single,1,Jean-Humbert Savoldelli,artmajeur.com,https://www.artmajeur.com/jean-humbert-savoldelli?view=grid&collections%5B%5D=1607818,表象与透明（几何系列）
97d10b85be9a,昆仑山下,Beneath Kunlun Mountain,exact_single,1,韩玉臣,hanyuchen.artron.net,https://hanyuchen.artron.net/,昆仑山下
6a97f793926e,心事鸟相知,Birds of the Heart,exact_single,1,,,,心事鸟相知
4db2d8f5862b,腾飞.jpg,Soaring.jpg,exact_single,1,苏大朝,artist.artron.net,https://artist.artron.net/artists23462/sale-0-0-0-1-1/,腾飞.jpg
54282b51fe41,《祖国无处不风光》,Beauty of the Motherland Everywhere,ambiguous,2,黄建南,huangjiannan.artron.net,https://huangjiannan.artron.net/works_index_21,《祖国无处不风光》
b76862d85aa1,《她送我的花》,The Flowers She Gave Me,exact_single,1,苏阳阳,artist.artron.net,https://artist.artron.net/artists5391/sale-0-0-0-1-1/,《她送我的花》
b07e178970f7,大地灵魂 1,大地灵魂 1,exact_single,1,,,,大地灵魂 1
738e26e9da4b,光之印记,,unmatched,0,,,,
ca9a04d329e8,佛香阁,Pavilion of Buddhist Incense,exact_single,1,戴泽,daize.artron.net,https://daize.artron.net/,佛香阁
87a73bb5c9d3,命运中的时区,Time Zones of Fate,exact_single,1,Oluwapelumi Olaosun,artmajeur.com,https://www.artmajeur.com/oluwapelumi-olaosun?view=grid&collections%5B%5D=2301889,命运中的时区
d1436b16d536,香溪,Fragrant Creek,exact_single,1,戴泽,daize.artron.net,https://daize.artron.net/,香溪
2032d4802382,金百合,Golden Lily,exact_single,1,管朴学,guanpuxue.artron.net,https://guanpuxue.artron.net/,金百合
2c62d9b12c2b,月光河,Moonlight River,exact_single,1,,,,月光河
4d82ca84cd23,逆流而上！,Against the Current!,exact_single,1,,,,逆流而上！
b7fbd2171438,优越动物 狗记者,Superior Animal: Dog Reporter,exact_single,1,,,,优越动物 狗记者
5ca8137ec1fb,阳光窗与瀑布,,exact_single,1,Ta,artmajeur.com,https://www.artmajeur.com/ta00?view=grid&collections%5B0%5D=2214331&page=1,阳光窗与瀑布
8015eee85c20,相信不可能,Believe the Impossible,exact_single,1,Picrate,artmajeur.com,https://www.artmajeur.com/picrate?view=grid&collections%5B%5D=1775407,相信不可能
7de06ae40d68,草原的风,Wind of the Grassland,exact_single,1,海阳,haiyang.artron.net,https://haiyang.artron.net/works_index_1,草原的风
3e6107998d5b,光,,exact_single,1,Elisa De Montis,artmajeur.com,https://www.artmajeur.com/elisa-de-montis?view=grid&collections%5B%5D=2450866,光
9ee9010c96e9,挑着扁担的母亲,,exact_single,1,Nga Tran,artmajeur.com,https://www.artmajeur.com/nga-tran?view=grid&collections%5B%5D=2287606,挑着扁担的母亲
e7fa6fec758e,火车工,Train Worker,exact_single,1,,,,火车工
30bba9e0c618,归家,Homecoming,exact_single,1,尘三,artist.artron.net,https://artist.artron.net/artists23471/sale-0-0-0-7-1/,归家
c4b250c0e144,《伽玛射线》,Gamma Rays,ambiguous,2,黄建南,huangjiannan.artron.net,https://huangjiannan.artron.net/works_index_21,《伽玛射线》
5d9002e19d76,树是通道,Trees Are Portals,exact_single,1,Robert Van Den Herik,artmajeur.com,https://www.artmajeur.com/robert-van-den-herik?view=grid&collections%5B0%5D=1744639&page=2,树是通道
7d6b6daa25ee,云豹,,exact_single,1,Bogdan Dide,artmajeur.com,https://www.artmajeur.com/bogdan-dide?view=grid&collections%5B%5D=1714582,云豹
c497f0063c46,佛香瞻相,Buddha's Fragrant Gaze,unmatched,0,,,,
c9ed951462bd,山涧细流,Mountain Stream,exact_single,1,尘三,artist.artron.net,https://artist.artron.net/artists23471/sale-0-0-0-7-1/,山涧细流
b22b74c45116,小熊同他的妈妈,Bear Cub and His Mother,exact_single,1,戴泽,daize.artron.net,https://daize.artron.net/,小熊同他的妈妈
336a7488f17c,在乔万泉的沐浴,,exact_single,1,Alain Vintenon,artmajeur.com,https://www.artmajeur.com/alain-vintenon?view=grid&collections%5B%5D=2312140,在乔万泉的沐浴
4ca86fb04c8e,流云,Floating Clouds,exact_single,1,海阳,haiyang.artron.net,https://haiyang.artron.net/works_index_1,流云
bdfe89b7480e,在梦的波涛中翱翔,Soaring in the Waves of Dreams,exact_single,1,,,,在梦的波涛中翱翔
32cddc9cd852,黑暗,,exact_single,1,Jean-Humbert Savoldelli,artmajeur.com,https://www.artmajeur.com/jean-humbert-savoldelli?view=grid&collections%5B%5D=1607818,黑暗
9cf69d805f56,《丑角》,Clown,ambiguous,2,,,,《丑角》; 丑角
debddb57feb5,超级利益链——旋转,Super Profit Chain - Rotation,exact_single,1,焦小健,baike.artron.net,https://baike.artron.net/artist?id=1958,超级利益链——旋转
294dcdf6f8be,充满阳光的日子,Sunny Days,exact_single,1,海阳,haiyang.artron.net,https://haiyang.artron.net/works_index_1,充满阳光的日子
603ff0f1c705,都江堰,Dujiangyan,exact_single,1,戴泽,daize.artron.net,https://daize.artron.net/,都江堰
6f938b0a5192,山有灵气山中净,"The Spirit of the Mountain, Purity Within",exact_single,1,马章乘,mazhangcheng.artron.net,https://mazhangcheng.artron.net/,山有灵气山中净
fd385674583e,《量子射爆》,Quantum Blast,ambiguous,2,黄建南,huangjiannan.artron.net,https://huangjiannan.artron.net/works_index_21,《量子射爆》
6ed0817ace1c,至暗时刻,Darkest Hour,exact_single,1,,,,至暗时刻
43424ef93c33,夜宴,Night Banquet,exact_single,1,焦小健,baike.artron.net,https://baike.artron.net/artist?id=1958,夜宴
8878fac415a0,腊冬雪韵,Winter Snow Charm,unmatched,0,,,,
dd86e837c63d,奶香四溢,Milky Aroma,exact_single,1,韩玉臣,hanyuchen.artron.net,https://hanyuchen.artron.net/,奶香四溢
d9012a023c02,白沙滩的童年物语,Childhood Tales of the White Sand Beach,exact_single,1,,,,白沙滩的童年物语
edc19e73b81e,此路不通,Dead End,unmatched,0,,,,
b073dc191b4c,归真园,Garden of Return to Truth,exact_single,1,管朴学,guanpuxue.artron.net,https://guanpuxue.artron.net/,归真园
498b53dc5cbb,北方,North,exact_single,1,管朴学,guanpuxue.artron.net,https://guanpuxue.artron.net/,北方
eb62df0eaf42,瘟疫降临,The Plague Arrives,exact_single,1,,,,瘟疫降临
867b4a6c8fbe,痛苦,,exact_single,1,Milos Hronec,artmajeur.com,https://www.artmajeur.com/milos-hronec?view=grid&collections%5B%5D=2390674,痛苦
d151d21d8c93,快乐舞蹈,,exact_single,1,Milos Hronec,artmajeur.com,https://www.artmajeur.com/milos-hronec?view=grid&collections%5B%5D=2390674,快乐舞蹈
bf2f00b783de,王府井教堂,Wangfujing Cathedral,exact_single,1,戴泽,daize.artron.net,https://daize.artron.net/,王府井教堂
fd5edd2aa3ce,自然之路,,exact_single,1,Alex Senchenko,artmajeur.com,https://www.artmajeur.com/senchenko?view=grid&collections%5B%5D=1872680,自然之路
cb4e436c421a,丛林夜停,,unmatched,0,,,,
ac85439bbd31,痛苦的个性解体,,exact_single,1,Milos Hronec,artmajeur.com,https://www.artmajeur.com/milos-hronec?view=grid&collections%5B%5D=2390674,痛苦的个性解体
c4f3be0a5f43,《天堂运动会》,Heavenly Games,ambiguous,2,黄建南,huangjiannan.artron.net,https://huangjiannan.artron.net/works_index_21,《天堂运动会》
577062aa1b17,身体与灵魂,Body and Soul,exact_single,1,,,,身体与灵魂
7a7fbbe27bf0,永恒的遗憾,Eternal Regret,exact_single,1,,,,永恒的遗憾
08915938087b,《金色童年》,Golden Childhood,ambiguous,2,毛锎; 韩玉臣,hanyuchen.artron.net; maokaiart.com,http://www.maokaiart.com/; https://hanyuchen.artron.net/,《金色童年》; 金色童年
045cf7836f97,月季,Rose,exact_single,1,戴泽,daize.artron.net,https://daize.artron.net/,月季
5a602c054c4b,红房子,Red House,ambiguous,2,党中华; 管朴学,artist.artron.net; guanpuxue.artron.net,https://artist.artron.net/artists314; https://guanpuxue.artron.net/,红房子
712e746c036e,骑猪的小男孩,Boy Riding a Pig,exact_single,1,苏大朝,artist.artron.net,https://artist.artron.net/artists23462/sale-0-0-0-1-1/,骑猪的小男孩
03c4c09931d2,幸福的小鸟,Happy Little Bird,exact_single,1,Picrate,artmajeur.com,https://www.artmajeur.com/picrate?view=grid&collections%5B%5D=1775407,幸福的小鸟
d86a6c68da14,甜美花园,,exact_single,1,Jean-Humbert Savoldelli,artmajeur.com,https://www.artmajeur.com/jean-humbert-savoldelli?view=grid&collections%5B%5D=1607818,甜美花园
be1261ccc390,古法航行,Ancient Navigation,exact_single,1,Picrate,artmajeur.com,https://www.artmajeur.com/picrate?view=grid&collections%5B%5D=1775407,古法航行
03811fde9e80,《童年》油画,Childhood,exact_single,1,韩玉臣,hanyuchen.artron.net,https://hanyuchen.artron.net/,《童年》油画
4950385295e8,只剩下欧洲，再次是革命,,exact_single,1,Dags Vidulejs,artmajeur.com,https://www.artmajeur.com/dags-vidulejs?view=grid&collections%5B%5D=2194390,只剩下欧洲，再次是革命
6095f4d7a743,在山丘上行走,,exact_single,1,Igor Shulman,artmajeur.com,https://www.artmajeur.com/igor-shulman?view=grid&collections%5B%5D=1286191,在山丘上行走
d9a173e1628b,作为整体的一部分,Part of the Whole,exact_single,1,Robert Van Den Herik,artmajeur.com,https://www.artmajeur.com/robert-van-den-herik?view=grid&collections%5B0%5D=1744639&page=2,作为整体的一部分
6abb98850d1e,子非鱼安知鱼之乐,How Can You Know the Joy of Fish?,exact_single,1,苏大朝,artist.artron.net,https://artist.artron.net/artists23462/sale-0-0-0-1-1/,子非鱼安知鱼之乐
f1a49f8b0fc8,河上的日出,,exact_single,1,Nga Tran,artmajeur.com,https://www.artmajeur.com/nga-tran?view=grid&collections%5B%5D=2287606,河上的日出
c79edaa50db2,《天外来客》,Visitor from Beyond,ambiguous,2,黄建南,huangjiannan.artron.net,https://huangjiannan.artron.net/works_index_21,《天外来客》
63f2d0524afc,陨石,Meteorite,exact_single,1,,,,陨石
1b88d140f870,失落星辰的追寻,,exact_single,1,Chloe Kaemmerer,artmajeur.com,https://www.artmajeur.com/chloe-kaemmerer?view=grid&collections%5B%5D=2320546,失落星辰的追寻
530bdc8efbc0,闇谷,Dark Valley,exact_single,1,尘三,artist.artron.net,https://artist.artron.net/artists23471/sale-0-0-0-7-1/,闇谷
e2bcfbd50bd1,游戏,,exact_single,1,Jean-Humbert Savoldelli,artmajeur.com,https://www.artmajeur.com/jean-humbert-savoldelli?view=grid&collections%5B%5D=1607818,游戏
3f4d866d8210,繁茂,,exact_single,1,Jean-Humbert Savoldelli,artmajeur.com,https://www.artmajeur.com/jean-humbert-savoldelli?view=grid&collections%5B%5D=1607818,繁茂
5c8a823a1628,自然的脉动,,exact_single,1,Alex Senchenko,artmajeur.com,https://www.artmajeur.com/senchenko?view=grid&collections%5B%5D=1872680,自然的脉动
27ed1b1b7073,离谱的红色残余,Absurd Red Remnants,exact_single,1,,,,离谱的红色残余
fc6792dea129,跑,Run,exact_single,1,,,,跑
f2fc6edc033e,清幽,Tranquility,exact_single,1,马章乘,mazhangcheng.artron.net,https://mazhangcheng.artron.net/,清幽
5a5b370a1336,寺庙高严,Majestic Temple,exact_single,1,韩玉臣,hanyuchen.artron.net,https://hanyuchen.artron.net/,寺庙高严
d0ed824d516f,压力,,exact_single,1,Milos Hronec,artmajeur.com,https://www.artmajeur.com/milos-hronec?view=grid&collections%5B%5D=2390674,压力
7fd15d3da690,重庆梯归,Chongqing Steps Home,exact_single,1,戴泽,daize.artron.net,https://daize.artron.net/,重庆梯归
a9ede2db8793,喜悦,,exact_single,1,Annabelle Amory,artmajeur.com,https://www.artmajeur.com/annabelle-amory?view=grid&collections%5B%5D=2064842,喜悦
115e1244e766,移民入侵,Immigrant Invasion,exact_single,1,,,,移民入侵
631328243339,入侵者,Intruder,exact_single,1,,,,入侵者
07bdaa59625a,整个宇宙,,exact_single,1,Milos Hronec,artmajeur.com,https://www.artmajeur.com/milos-hronec?view=grid&collections%5B%5D=2390674,整个宇宙
ef4b4bde1c17,加油泵,Fuel Pump,exact_single,1,,,,加油泵
39873a36bcf9,胜利之步,,exact_single,1,Manolis Maridakis,artmajeur.com,https://www.artmajeur.com/manolis-maridakis?view=grid&collections%5B%5D=2471758,胜利之步
41e97cfdcf7d,奉献,,exact_single,1,Milos Hronec,artmajeur.com,https://www.artmajeur.com/milos-hronec?view=grid&collections%5B%5D=2390674,奉献
e0b220b5846c,梦里的柠檬,,exact_single,1,Claire Denarie-Soffietti,artmajeur.com,https://www.artmajeur.com/claire-denarie-soffietti?view=grid&collections%5B%5D=2130209,梦里的柠檬
92fd1878563d,国色天香,National Beauty and Heavenly Fragrance,exact_single,1,马章乘,mazhangcheng.artron.net,https://mazhangcheng.artron.net/,国色天香
143995e0f218,黑夜里的黑猫,Black Cat in the Night,exact_single,1,苏大朝,artist.artron.net,https://artist.artron.net/artists23462/sale-0-0-0-1-1/,黑夜里的黑猫
4d377634cd30,不可能的邂逅,Impossible Encounter,exact_single,1,,,,不可能的邂逅
42f559ba1e60,大地&有意味的形 (2),Earth & Meaningful Form (2),exact_single,1,,,,大地&有意味的形 (2)
d02da722fbc0,大众娱乐,Mass Entertainment,exact_single,1,焦小健,baike.artron.net,https://baike.artron.net/artist?id=1958,大众娱乐
88341da6f333,耸山云闲,Clouds Resting on Lofty Mountains,exact_single,1,尘三,artist.artron.net,https://artist.artron.net/artists23471/sale-0-0-0-7-1/,耸山云闲
f862fe0b370a,灰城-微光,Gray City - Glimmer,exact_single,1,铁心,tiexin.artron.net,https://tiexin.artron.net/,灰城-微光
b2e9ba943c98,治愈者也需要治愈,,exact_single,1,Ganiyat Abdulazeez,artmajeur.com,https://www.artmajeur.com/ganiyat-abdulazeez?view=grid&collections%5B%5D=2121668,治愈者也需要治愈
85f90c5f8af2,力量,Strength,exact_single,1,,,,力量
a4e6fec56298,芙蓉葵,Hibiscus,exact_single,1,岳敏君,yueminjun.artron.net,https://yueminjun.artron.net/,芙蓉葵
9d7a11e43bc7,吉祥长白山 (2),Auspicious Changbai Mountain (2),exact_single,1,,,,吉祥长白山 (2)
9d10103ab892,水边人家,Waterside Dwellings,exact_single,1,苏阳阳,artist.artron.net,https://artist.artron.net/artists5391/sale-0-0-0-1-1/,水边人家
8a3efc48d07b,舞者,Dancer,exact_single,1,,,,舞者
632097cca1de,母亲斯瓦,,exact_single,1,Bogdan Dide,artmajeur.com,https://www.artmajeur.com/bogdan-dide?view=grid&collections%5B%5D=1714582,母亲斯瓦
07d027dd41c4,阳光中的故事,Story in the Sunlight,exact_single,1,Robert Van Den Herik,artmajeur.com,https://www.artmajeur.com/robert-van-den-herik?view=grid&collections%5B0%5D=1744639&page=2,阳光中的故事
249f7c52bd5d,以梦为马,Ride the Dream,unmatched,0,,,,
748bb34ebcd9,一个错误,,exact_single,1,Milos Hronec,artmajeur.com,https://www.artmajeur.com/milos-hronec?view=grid&collections%5B%5D=2390674,一个错误
799739f79c3f,抓住公牛的角,,exact_single,1,Antoine Alran,artmajeur.com,https://www.artmajeur.com/antoine-alran?view=grid&collections%5B%5D=2199799,抓住公牛的角
2d6a67998ee2,老胡同别有洞天,Hidden Charms of Old Hutongs,exact_single,1,戴泽,daize.artron.net,https://daize.artron.net/,老胡同别有洞天
fc9b38daa21c,寂,Silence,exact_single,1,管朴学,guanpuxue.artron.net,https://guanpuxue.artron.net/,寂
2bed6c4e4715,我保护你，我的儿子,"I Protect You, My Son",exact_single,1,,,,我保护你，我的儿子
5b11d0fc4518,分裂的人,,exact_single,1,Milos Hronec,artmajeur.com,https://www.artmajeur.com/milos-hronec?view=grid&collections%5B%5D=2390674,分裂的人
23ec133d3d4e,圣泉云烟,Sacred Spring Mist,exact_single,1,韩玉臣,hanyuchen.artron.net,https://hanyuchen.artron.net/,圣泉云烟
fa62a47efda1,愚人类,,unmatched,0,,,,
9aa30ffddf51,和平与混沌,,exact_single,1,Milos Hronec,artmajeur.com,https://www.artmajeur.com/milos-hronec?view=grid&collections%5B%5D=2390674,和平与混沌
e160446a1747,占有,Possession,exact_single,1,,,,占有
752d3ecc01d4,他的秘密信息未被听见,His Secret Message Unheard,exact_single,1,,,,他的秘密信息未被听见
8f247532821e,拆,Dismantle,exact_single,1,,,,拆
6e0c819329e8,走向牧场,Heading to the Pasture,exact_single,1,韩玉臣,hanyuchen.artron.net,https://hanyuchen.artron.net/,走向牧场
788ab7182de5,老佟与列宁,Old Tong and Lenin,exact_single,1,戴泽,daize.artron.net,https://daize.artron.net/,老佟与列宁
72a90ad97372,神往,Yearning,exact_single,1,韩玉臣,hanyuchen.artron.net,https://hanyuchen.artron.net/,神往
331d1e490982,嗷叫,Howl,exact_single,1,,,,嗷叫
11ea18f629ba,当时间成为偶像,When Time Becomes an Idol,exact_single,1,Oluwapelumi Olaosun,artmajeur.com,https://www.artmajeur.com/oluwapelumi-olaosun?view=grid&collections%5B%5D=2301889,当时间成为偶像
01293d780b87,君子大成,Noble Perfection,exact_single,1,马章乘,mazhangcheng.artron.net,https://mazhangcheng.artron.net/,君子大成
5d2e000b99ed,沉重的行李箱,,exact_single,1,Igor Shulman,artmajeur.com,https://www.artmajeur.com/igor-shulman?view=grid&collections%5B%5D=1286191,沉重的行李箱
a23cc0280622,红色文艺复兴,,exact_single,1,Viktor Sheleg,artmajeur.com,https://www.artmajeur.com/zh/yi-shu-pin?hybrid_query=%20Viktor%20Sheleg%20,红色文艺复兴
7a67b7debe77,姐妹之爱,,exact_single,1,Ganiyat Abdulazeez,artmajeur.com,https://www.artmajeur.com/ganiyat-abdulazeez?view=grid&collections%5B%5D=2121668,姐妹之爱
e69a9936e666,描绘圆圈,Depicting Circles,exact_single,1,,,,描绘圆圈
a16ab781ce1e,春消息,Spring Tidings,exact_single,1,苏阳阳,artist.artron.net,https://artist.artron.net/artists5391/sale-0-0-0-1-1/,春消息
982beaefa8b9,缓解,,exact_single,1,Annabelle Amory,artmajeur.com,https://www.artmajeur.com/annabelle-amory?view=grid&collections%5B%5D=2064842,缓解
50812cd43d44,古峰临泽,Ancient Peaks Over Streams,exact_single,1,尘三,artist.artron.net,https://artist.artron.net/artists23471/sale-0-0-0-7-1/,古峰临泽
590fa755bc93,安静,,exact_single,1,Claire Denarie-Soffietti,artmajeur.com,https://www.artmajeur.com/claire-denarie-soffietti?view=grid&collections%5B%5D=2130209,安静
efe5131a57bc,哺乳动物,,exact_single,1,Milos Hronec,artmajeur.com,https://www.artmajeur.com/milos-hronec?view=grid&collections%5B%5D=2390674,哺乳动物
ff71212c1d6f,如铅般的滋味,,exact_single,1,Jean-Humbert Savoldelli,artmajeur.com,https://www.artmajeur.com/jean-humbert-savoldelli?view=grid&collections%5B%5D=1607818,如铅般的滋味
cf6b89c7b86b,往昔的记忆,,exact_single,1,Ganiyat Abdulazeez,artmajeur.com,https://www.artmajeur.com/ganiyat-abdulazeez?view=grid&collections%5B%5D=2121668,往昔的记忆
42a87679d424,农民小组会,Farmers' Group Meeting,exact_single,1,戴泽,daize.artron.net,https://daize.artron.net/,农民小组会
789c11c8dbf2,山水,Landscape,exact_single,1,马章乘,mazhangcheng.artron.net,https://mazhangcheng.artron.net/,山水
9f87604a5cec,过渡期,Transition Period,exact_single,1,Oluwapelumi Olaosun,artmajeur.com,https://www.artmajeur.com/oluwapelumi-olaosun?view=grid&collections%5B%5D=2301889,过渡期
ed50f3c2a5b9,疯狂的人,,exact_single,1,Milos Hronec,artmajeur.com,https://www.artmajeur.com/milos-hronec?view=grid&collections%5B%5D=2390674,疯狂的人
4608fd34f358,美丽的白癜风女士,,exact_single,1,Ganiyat Abdulazeez,artmajeur.com,https://www.artmajeur.com/ganiyat-abdulazeez?view=grid&collections%5B%5D=2121668,美丽的白癜风女士
2ea9c1d217a9,天边草原的来客,Visitor from the Distant Grassland,unmatched,0,,,,
ecd948f21ee2,舒服的猫,Comfortable Cat,exact_single,1,苏大朝,artist.artron.net,https://artist.artron.net/artists23462/sale-0-0-0-1-1/,舒服的猫
e85d3cc44e5a,绿之奏鸣曲,Green Sonata,exact_single,1,尘三,artist.artron.net,https://artist.artron.net/artists23471/sale-0-0-0-7-1/,绿之奏鸣曲
5b06712435a5,北海团城,Beihai Round City,exact_single,1,戴泽,daize.artron.net,https://daize.artron.net/,北海团城
14d14c27e978,幽灵,Phantom,exact_single,1,,,,幽灵
4bf5c821834c,北京平原,Beijing Plains,exact_single,1,戴泽,daize.artron.net,https://daize.artron.net/,北京平原
6810b355f688,月下独钓图,Fishing Alone Under the Moon,exact_single,1,阿丁,ading.artron.net,https://ading.artron.net/,月下独钓图
6a967efc3802,抗议,Protest,exact_single,1,戴泽,daize.artron.net,https://daize.artron.net/,抗议
6195aa32b2eb,夜之眼,Eye of the Night,exact_single,1,,,,夜之眼
d5932764f0aa,《泪海》,Sea of Tears,exact_single,1,苏阳阳,artist.artron.net,https://artist.artron.net/artists5391/sale-0-0-0-1-1/,《泪海》
abc40582ad32,正义,Justice,exact_single,1,,,,正义
23bc9e46b629,如果我存在,,exact_single,1,Elisa De Montis,artmajeur.com,https://www.artmajeur.com/elisa-de-montis?view=grid&collections%5B%5D=2450866,如果我存在
f6c940900d0f,向太阳致敬,Salute to the Sun,exact_single,1,,,,向太阳致敬
ba881c5ae274,鸡里有激素,Hormones in the Chicken,exact_single,1,,,,鸡里有激素
c5c336fbf19a,浪漫奇克,,exact_single,1,Chloe Kaemmerer,artmajeur.com,https://www.artmajeur.com/chloe-kaemmerer?view=grid&collections%5B%5D=2320546,浪漫奇克
b78ff877a732,重聚亲人,Family Reunion,exact_single,1,Picrate,artmajeur.com,https://www.artmajeur.com/picrate?view=grid&collections%5B%5D=1775407,重聚亲人
0106d8494646,侦查甲壳虫,Reconnaissance Beetle,exact_single,1,苏大朝,artist.artron.net,https://artist.artron.net/artists23462/sale-0-0-0-1-1/,侦查甲壳虫
6535fb86d150,西藏门巴族的小屋,Hut of the Monba People in Tibet,exact_single,1,戴泽,daize.artron.net,https://daize.artron.net/,西藏门巴族的小屋
f3ed98efeb12,暴雨来临之前,Before the Storm,exact_single,1,海阳,haiyang.artron.net,https://haiyang.artron.net/works_index_1,暴雨来临之前
60bbc823c06c,君子之风,Noble Virtue,exact_single,1,马章乘,mazhangcheng.artron.net,https://mazhangcheng.artron.net/,君子之风
fa877f8b0325,《荷塘追梦系列之八》,Pursuing Dreams in the Lotus Pond Series No. 8,exact_single,1,铁心,tiexin.artron.net,https://tiexin.artron.net/,《荷塘追梦系列之八》
0230024c3033,曾经的故事,Past Stories,exact_single,1,Robert Van Den Herik,artmajeur.com,https://www.artmajeur.com/robert-van-den-herik?view=grid&collections%5B0%5D=1744639&page=2,曾经的故事
336ff7e5ccf8,记忆,,unmatched,0,,,,
123e3b04176b,树上的诗人,Poet in the Tree,exact_single,1,,,,树上的诗人
670c9e355f02,历史仍在继续,History Continues,exact_single,1,Picrate,artmajeur.com,https://www.artmajeur.com/picrate?view=grid&collections%5B%5D=1775407,历史仍在继续
9fd8b50fced7,沧浪之石,Stone of the Canglang,exact_single,1,,,,沧浪之石
9bd8813df63d,太行山下,Beneath the Taihang Mountains,exact_single,1,戴泽,daize.artron.net,https://daize.artron.net/,太行山下
83a6e1055dff,静默力量,,exact_single,1,Bogdan Dide,artmajeur.com,https://www.artmajeur.com/bogdan-dide?view=grid&collections%5B%5D=1714582,静默力量
d9f5f942c824,骄傲,,exact_single,1,Milos Hronec,artmajeur.com,https://www.artmajeur.com/milos-hronec?view=grid&collections%5B%5D=2390674,骄傲
fdef53084dda,日出,Sunrise,exact_single,1,,,,日出
1d28721e715a,水乡小镇,Waterside Town,exact_single,1,苏阳阳,artist.artron.net,https://artist.artron.net/artists5391/sale-0-0-0-1-1/,水乡小镇
53c456dcc8c5,空间地标,Spatial Landmark,exact_single,1,Robert Van Den Herik,artmajeur.com,https://www.artmajeur.com/robert-van-den-herik?view=grid&collections%5B0%5D=1744639&page=2,空间地标
42719eb12cd8,魔法之夜,Magic Night,exact_single,1,,,,魔法之夜
00ee7ace34be,朋友间的钓鱼游戏,Fishing Game Among Friends,exact_single,1,Picrate,artmajeur.com,https://www.artmajeur.com/picrate?view=grid&collections%5B%5D=1775407,朋友间的钓鱼游戏
4e9b28043484,冬季,,ambiguous,3,Annabelle Amory; Giancarlo Colombo; 党中华,artist.artron.net; artmajeur.com,https://artist.artron.net/artists314; https://www.artmajeur.com/annabelle-amory?view=grid&collections%5B%5D=2064842; https://www.artmajeur.com/giancarlo-colombo?view=grid&collections%5B%5D=2426074,冬季
a232f0ae3120,憧憬,Longing,exact_single,1,韩玉臣,hanyuchen.artron.net,https://hanyuchen.artron.net/,憧憬
27a5455d0df0,新波普 1,,exact_single,1,Jean Luc Michon,artmajeur.com,https://www.artmajeur.com/jean-luc-michon?view=grid&collections%5B%5D=2220361,新波普 1
c97b54472654,植物夜曲,,exact_single,1,Elisa De Montis,artmajeur.com,https://www.artmajeur.com/elisa-de-montis?view=grid&collections%5B%5D=2450866,植物夜曲
a091be5aafe2,生命的最后一天,,exact_single,1,Igor Shulman,artmajeur.com,https://www.artmajeur.com/igor-shulman?view=grid&collections%5B%5D=1286191,生命的最后一天
8e74b6358482,无色鹦鹉,Colorless Parrot,exact_single,1,苏大朝,artist.artron.net,https://artist.artron.net/artists23462/sale-0-0-0-1-1/,无色鹦鹉
1326b9be9daf,绿色和谐,,exact_single,1,Jean-Humbert Savoldelli,artmajeur.com,https://www.artmajeur.com/jean-humbert-savoldelli?view=grid&collections%5B%5D=1607818,绿色和谐
0f4e949d7fb4,童年的气息,,exact_single,1,Milos Hronec,artmajeur.com,https://www.artmajeur.com/milos-hronec?view=grid&collections%5B%5D=2390674,童年的气息
bb1d425f0631,老人的幼稚悲伤,,exact_single,1,Milos Hronec,artmajeur.com,https://www.artmajeur.com/milos-hronec?view=grid&collections%5B%5D=2390674,老人的幼稚悲伤
4cfa5d634d89,沙坪坝,Shapingba,exact_single,1,戴泽,daize.artron.net,https://daize.artron.net/,沙坪坝
c1fd207b005e,梦中的地方,,exact_single,1,Claire Denarie-Soffietti,artmajeur.com,https://www.artmajeur.com/claire-denarie-soffietti?view=grid&collections%5B%5D=2130209,梦中的地方
4affcc120492,休憩,Repose,exact_single,1,韩玉臣,hanyuchen.artron.net,https://hanyuchen.artron.net/,休憩
54ca36a15c14,艾中信先生,Mr. Ai Zhongxin,exact_single,1,戴泽,daize.artron.net,https://daize.artron.net/,艾中信先生
080e3d2b16d1,马兰村的小姑娘,The Little Girl from Malan Village,exact_single,1,戴泽,daize.artron.net,https://daize.artron.net/,马兰村的小姑娘
81a96f053e8f,帆,,exact_single,1,Jean-Humbert Savoldelli,artmajeur.com,https://www.artmajeur.com/jean-humbert-savoldelli?view=grid&collections%5B%5D=1607818,帆
183674d32892,摔跤者,Wrestler,exact_single,1,,,,摔跤者
c4013276a121,所有的表演都有结束！,Every Performance Has an End!,exact_single,1,,,,所有的表演都有结束！
71262447b9c5,生活,Life,exact_single,1,,,,生活
c17bb6b8e44e,光的闪耀,,unmatched,0,,,,
c19529de59b1,母爱(1),Maternal Love (1),exact_single,1,苏大朝,artist.artron.net,https://artist.artron.net/artists23462/sale-0-0-0-1-1/,母爱(1)
65c87f971f0a,小恶魔的玩具,,unmatched,0,,,,
0fb2edbb4285,卡特兰海滩,Catalan Beach,exact_single,1,,,,卡特兰海滩
d6733b01bc37,在肩头的一角,On the Corner of the Shoulder,exact_single,1,Picrate,artmajeur.com,https://www.artmajeur.com/picrate?view=grid&collections%5B%5D=1775407,在肩头的一角
278e7fc8093e,美丽的邂逅（波普艺术系列）,,exact_single,1,Jean-Humbert Savoldelli,artmajeur.com,https://www.artmajeur.com/jean-humbert-savoldelli?view=grid&collections%5B%5D=1607818,美丽的邂逅（波普艺术系列）
0a54c75717ec,几乎某种东西,,exact_single,1,Jean-Humbert Savoldelli,artmajeur.com,https://www.artmajeur.com/jean-humbert-savoldelli?view=grid&collections%5B%5D=1607818,几乎某种东西
264c9ff6dc63,潮流,,exact_single,1,Jean-Humbert Savoldelli,artmajeur.com,https://www.artmajeur.com/jean-humbert-savoldelli?view=grid&collections%5B%5D=1607818,潮流
7c548d73776a,困局,Predicament,exact_single,1,,,,困局
0b7ce89bacbf,随它去！,Let It Go!,exact_single,1,,,,随它去！
ca42e95c3b3b,岁月悠悠,The Passage of Time,exact_single,1,韩玉臣,hanyuchen.artron.net,https://hanyuchen.artron.net/,岁月悠悠
5e63a0d80f1f,新家的诞生,Birth of a New Home,exact_single,1,Robert Van Den Herik,artmajeur.com,https://www.artmajeur.com/robert-van-den-herik?view=grid&collections%5B0%5D=1744639&page=2,新家的诞生
f1e60bf147cb,困惑,,exact_single,1,Milos Hronec,artmajeur.com,https://www.artmajeur.com/milos-hronec?view=grid&collections%5B%5D=2390674,困惑
074618c0df66,百丈飞泉,Hundred-Foot Waterfall,exact_single,1,阿丁,ading.artron.net,https://ading.artron.net/,百丈飞泉
1f30ff99f96b,米开朗基罗的海岸幻影,Michelangelo's Coastal Phantom,exact_single,1,Robert Van Den Herik,artmajeur.com,https://www.artmajeur.com/robert-van-den-herik?view=grid&collections%5B0%5D=1744639&page=2,米开朗基罗的海岸幻影
9b6d4abbdc6d,秋收,Autumn Harvest,exact_single,1,戴泽,daize.artron.net,https://daize.artron.net/,秋收
bea7ee674fa1,开心的狗,Happy Dog,exact_single,1,苏大朝,artist.artron.net,https://artist.artron.net/artists23462/sale-0-0-0-1-1/,开心的狗
2b70b23d92f2,《苍穹》,Firmament,ambiguous,2,黄建南,huangjiannan.artron.net,https://huangjiannan.artron.net/works_index_21,《苍穹》
971d6817ce95,壮山,Majestic Mountain,exact_single,1,尘三,artist.artron.net,https://artist.artron.net/artists23471/sale-0-0-0-7-1/,壮山
021ccbdcfcdc,《有格调》,Sophisticated,ambiguous,2,黄建南,huangjiannan.artron.net,https://huangjiannan.artron.net/works_index_21,《有格调》
4ae8128f6886,藏匿游戏,,exact_single,1,Claire Denarie-Soffietti,artmajeur.com,https://www.artmajeur.com/claire-denarie-soffietti?view=grid&collections%5B%5D=2130209,藏匿游戏
3a4939593c36,在我皮肤上,,exact_single,1,Annabelle Amory,artmajeur.com,https://www.artmajeur.com/annabelle-amory?view=grid&collections%5B%5D=2064842,在我皮肤上
007cddd25db4,创世纪,Genesis,exact_single,1,Oluwapelumi Olaosun,artmajeur.com,https://www.artmajeur.com/oluwapelumi-olaosun?view=grid&collections%5B%5D=2301889,创世纪
8b65e0c18de3,早市,,ambiguous,2,Nga Tran; 党中华,artist.artron.net; artmajeur.com,https://artist.artron.net/artists314; https://www.artmajeur.com/nga-tran?view=grid&collections%5B%5D=2287606,早市
b060131fcfd8,最后的酒吧,,exact_single,1,Milos Hronec,artmajeur.com,https://www.artmajeur.com/milos-hronec?view=grid&collections%5B%5D=2390674,最后的酒吧
72a078c649f4,南尼巴,Nanny Bar,exact_single,1,,,,南尼巴
f842d398a03b,感知的天界线索,,exact_single,1,Bogdan Dide,artmajeur.com,https://www.artmajeur.com/bogdan-dide?view=grid&collections%5B%5D=1714582,感知的天界线索
c82ef27f1f7e,喜迎东方日出,Welcoming the Eastern Sunrise,exact_single,1,,,,喜迎东方日出
8e6c65fee62a,兰心如君子,Orchid Heart Like a Gentleman,exact_single,1,马章乘,mazhangcheng.artron.net,https://mazhangcheng.artron.net/,兰心如君子
be2e4aa15c3e,阳光,,ambiguous,2,Claire Denarie-Soffietti; 党中华,artist.artron.net; artmajeur.com,https://artist.artron.net/artists314; https://www.artmajeur.com/claire-denarie-soffietti?view=grid&collections%5B%5D=2130209,阳光
30ce1b91bbc2,孩子与蓝鸟,Child and Bluebird,exact_single,1,,,,孩子与蓝鸟
150d2290490e,懂得如何着手,Knowing How to Begin,exact_single,1,,,,懂得如何着手
cd4dd577dc2a,反向的鱼,Fish in Reverse,exact_single,1,,,,反向的鱼
0e1d769d2be4,穿着古老服装的女人,Woman in Ancient Attire,exact_single,1,,,,穿着古老服装的女人
18736aee017b,海滩日,,exact_single,1,Ta,artmajeur.com,https://www.artmajeur.com/ta00?view=grid&collections%5B0%5D=2214331&page=1,海滩日
b8c12223ba60,松江水镇,Songjiang Water Town,exact_single,1,戴泽,daize.artron.net,https://daize.artron.net/,松江水镇
86f653917ec2,成都青羊宫茶馆,"Teahouse at Qingyang Palace, Chengdu",exact_single,1,戴泽,daize.artron.net,https://daize.artron.net/,成都青羊宫茶馆
4fa23acb4c42,当中国觉醒，整个世界将颤抖,"When China Awakens, the World Will Tremble",exact_single,1,,,,当中国觉醒，整个世界将颤抖
436d3a4b0b8d,感知回望,,exact_single,1,Ta,artmajeur.com,https://www.artmajeur.com/ta00?view=grid&collections%5B0%5D=2214331&page=1,感知回望
a21c1775247d,七位王子,,exact_single,1,Elisa De Montis,artmajeur.com,https://www.artmajeur.com/elisa-de-montis?view=grid&collections%5B%5D=2450866,七位王子
49fe8df26017,他从远方归来,He Returned from Afar,exact_single,1,Picrate,artmajeur.com,https://www.artmajeur.com/picrate?view=grid&collections%5B%5D=1775407,他从远方归来
4dddc8a5d7d9,抓住机会,Seize the Opportunity,exact_single,1,Picrate,artmajeur.com,https://www.artmajeur.com/picrate?view=grid&collections%5B%5D=1775407,抓住机会
a2d46b3cb4d1,茶时光,Tea Time,exact_single,1,Robert Van Den Herik,artmajeur.com,https://www.artmajeur.com/robert-van-den-herik?view=grid&collections%5B0%5D=1744639&page=2,茶时光
8b92b6d285f6,慈祥,Kindness,exact_single,1,韩玉臣,hanyuchen.artron.net,https://hanyuchen.artron.net/,慈祥
6b7d864c888e,山中隐者,Hermit in the Mountains,exact_single,1,岳敏君,yueminjun.artron.net,https://yueminjun.artron.net/,山中隐者
19b57d09297c,爱的科学,,exact_single,1,Antoine Alran,artmajeur.com,https://www.artmajeur.com/antoine-alran?view=grid&collections%5B%5D=2199799,爱的科学
8abe9c81c826,他乡的回忆,Memories of Another Land,exact_single,1,Picrate,artmajeur.com,https://www.artmajeur.com/picrate?view=grid&collections%5B%5D=1775407,他乡的回忆
062f326b8e98,玄山,Mysterious Mountain,exact_single,1,尘三,artist.artron.net,https://artist.artron.net/artists23471/sale-0-0-0-7-1/,玄山
893aad54af49,炊烟倒入船,Smoke Pours into the Boat,exact_single,1,管朴学,guanpuxue.artron.net,https://guanpuxue.artron.net/,炊烟倒入船
9a1e0ee6d44a,城市。清晨。,,exact_single,1,Igor Shulman,artmajeur.com,https://www.artmajeur.com/igor-shulman?view=grid&collections%5B%5D=1286191,城市。清晨。
df7b2dba5cdd,太庙,Imperial Ancestral Temple,exact_single,1,戴泽,daize.artron.net,https://daize.artron.net/,太庙
ab33bbd55ad5,奇妙的逃避,Marvelous Escape,exact_single,1,,,,奇妙的逃避
a7d5207f9ea6,闭嘴！,Shut Up!,exact_single,1,,,,闭嘴！
77275c1a67bd,橙色光辉,,exact_single,1,Viktor Sheleg,artmajeur.com,https://www.artmajeur.com/zh/yi-shu-pin?hybrid_query=%20Viktor%20Sheleg%20,橙色光辉
4283fc65cf83,信仰赋予翅膀,,unmatched,0,,,,
8551ae7f80f7,亿万恩典拯救世界,Billions of Graces Save the World,exact_single,1,,,,亿万恩典拯救世界
9a4dae4d2820,湛蓝微光,Azure Glow,exact_single,1,尘三,artist.artron.net,https://artist.artron.net/artists23471/sale-0-0-0-7-1/,湛蓝微光
a62f9fc50576,盲目于时光,Blind to Time,exact_single,1,Oluwapelumi Olaosun,artmajeur.com,https://www.artmajeur.com/oluwapelumi-olaosun?view=grid&collections%5B%5D=2301889,盲目于时光
1ab9ad174c36,《大地歌谣》,Ode to the Earth,ambiguous,2,黄建南,huangjiannan.artron.net,https://huangjiannan.artron.net/works_index_21,《大地歌谣》
cc2a8b43be5b,思考者,,exact_single,1,Ta,artmajeur.com,https://www.artmajeur.com/ta00?view=grid&collections%5B0%5D=2214331&page=1,思考者
aa5e88096417,被拒者,The Rejected,exact_single,1,,,,被拒者
814713f5d813,竹石相依,Bamboo and Rock Harmony,exact_single,1,马章乘,mazhangcheng.artron.net,https://mazhangcheng.artron.net/,竹石相依
40012f7f4cee,竞赛,,exact_single,1,Jean-Humbert Savoldelli,artmajeur.com,https://www.artmajeur.com/jean-humbert-savoldelli?view=grid&collections%5B%5D=1607818,竞赛
30853fcb8d32,情侣与红鸟,Couple and Red Bird,exact_single,1,Picrate,artmajeur.com,https://www.artmajeur.com/picrate?view=grid&collections%5B%5D=1775407,情侣与红鸟
dca21e3fef6e,可爱的一家人,A Lovely Family,exact_single,1,苏大朝,artist.artron.net,https://artist.artron.net/artists23462/sale-0-0-0-1-1/,可爱的一家人
fea17cf6dcb3,我们回来了,,exact_single,1,Jean-Humbert Savoldelli,artmajeur.com,https://www.artmajeur.com/jean-humbert-savoldelli?view=grid&collections%5B%5D=1607818,我们回来了
aadc301ec51c,景山,Scenic Mountain,exact_single,1,戴泽,daize.artron.net,https://daize.artron.net/,景山
7c5ed693e0b8,《奇异空间》,Strange Space,ambiguous,2,黄建南,huangjiannan.artron.net,https://huangjiannan.artron.net/works_index_21,《奇异空间》
2f6707c3b847,起飞与坠落 2,,exact_single,1,Milos Hronec,artmajeur.com,https://www.artmajeur.com/milos-hronec?view=grid&collections%5B%5D=2390674,起飞与坠落 2
609f3fd152a4,神光,Divine Light,exact_single,1,尘三,artist.artron.net,https://artist.artron.net/artists23471/sale-0-0-0-7-1/,神光
1b07328324b1,路漫漫,Long Journey,exact_single,1,韩玉臣,hanyuchen.artron.net,https://hanyuchen.artron.net/,路漫漫
215a472ccd19,紧急情况,,exact_single,1,Jean-Humbert Savoldelli,artmajeur.com,https://www.artmajeur.com/jean-humbert-savoldelli?view=grid&collections%5B%5D=1607818,紧急情况
c98ca76d543c,疯狂的腿,,unmatched,0,,,,
d52e0cbba086,边界,Boundaries,ambiguous,2,Igor Shulman,artmajeur.com,https://www.artmajeur.com/igor-shulman?view=grid&collections%5B%5D=1286191,边界
91f50c23fc2f,夜晚的紫,Purple Night,exact_single,1,戴泽,daize.artron.net,https://daize.artron.net/,夜晚的紫
70f76e38d988,扬帆远航,Setting Sail,exact_single,1,马章乘,mazhangcheng.artron.net,https://mazhangcheng.artron.net/,扬帆远航
aeef57584fe0,草堂,Thatched Cottage,unmatched,0,,,,
edd2983324cc,改变不会在等待中到来,,exact_single,1,Ganiyat Abdulazeez,artmajeur.com,https://www.artmajeur.com/ganiyat-abdulazeez?view=grid&collections%5B%5D=2121668,改变不会在等待中到来
4f56f0d1a737,别有天地,Another World,exact_single,1,阿丁,ading.artron.net,https://ading.artron.net/,别有天地
74fcf37aaf27,外太空贺卡 4,Space Postcard 4,exact_single,1,,,,外太空贺卡 4
385c5d207b62,海阔天空,Boundless Sky,exact_single,1,戴泽,daize.artron.net,https://daize.artron.net/,海阔天空
a211e992d223,人生的思考,Reflections on Life,exact_single,1,海阳,haiyang.artron.net,https://haiyang.artron.net/works_index_1,人生的思考
5bebb336604e,都市脉动1,Urban Pulse 1,unmatched,0,,,,
e4b69a80f90c,冲动,,unmatched,0,,,,
c53fef756797,疯狂,,exact_single,1,Milos Hronec,artmajeur.com,https://www.artmajeur.com/milos-hronec?view=grid&collections%5B%5D=2390674,疯狂
f586cfcc206e,夜色（黑龙江畔）,Nightscape (Banks of the Heilongjiang),exact_single,1,戴泽,daize.artron.net,https://daize.artron.net/,夜色（黑龙江畔）
3610cd44fa81,悲伤的小丑,Sad Clown,exact_single,1,,,,悲伤的小丑
909c949dad25,《静谧》,Serenity,ambiguous,3,Milos Hronec; 黄建南,artmajeur.com; huangjiannan.artron.net,https://huangjiannan.artron.net/works_index_21; https://www.artmajeur.com/milos-hronec?view=grid&collections%5B%5D=2390674,《静谧》; 静谧
936ee0ee21e4,歌剧歌手,,unmatched,0,,,,
4672188789a7,哈尔滨街头,Harbin Streets,exact_single,1,戴泽,daize.artron.net,https://daize.artron.net/,哈尔滨街头
43137ec12098,双影,Dual Shadows,exact_single,1,,,,双影
eab52362c481,王家坪,Wangjiaping,exact_single,1,戴泽,daize.artron.net,https://daize.artron.net/,王家坪
b116e801f0aa,呼吉野的家,Home of Yoshino,exact_single,1,海阳,haiyang.artron.net,https://haiyang.artron.net/works_index_1,呼吉野的家
8d8a52eda4c8,东坡游春图,Dongpo's Spring Outing Painting,exact_single,1,阿丁,ading.artron.net,https://ading.artron.net/,东坡游春图
5424c12442b9,德格牧人家,Home of the Dege Shepherds,exact_single,1,韩玉臣,hanyuchen.artron.net,https://hanyuchen.artron.net/,德格牧人家
d4addde2ca14,不宜居的星球,Uninhabitable Planet,exact_single,1,,,,不宜居的星球
00bb39eeacb3,迷宫,,exact_single,1,Ta,artmajeur.com,https://www.artmajeur.com/ta00?view=grid&collections%5B0%5D=2214331&page=1,迷宫
0195f572e5f8,是否应牵着一条飞鱼,Should One Hold a Flying Fish?,exact_single,1,Picrate,artmajeur.com,https://www.artmajeur.com/picrate?view=grid&collections%5B%5D=1775407,是否应牵着一条飞鱼
30db275aa068,白色交响曲,,exact_single,1,Chloe Kaemmerer,artmajeur.com,https://www.artmajeur.com/chloe-kaemmerer?view=grid&collections%5B%5D=2320546,白色交响曲
3d4549820546,春山远去,Spring Mountains Recede,exact_single,1,尘三,artist.artron.net,https://artist.artron.net/artists23471/sale-0-0-0-7-1/,春山远去
0ed104c16158,黑鸟,,exact_single,1,Milos Hronec,artmajeur.com,https://www.artmajeur.com/milos-hronec?view=grid&collections%5B%5D=2390674,黑鸟
349710bdf95b,大地灵魂 2,大地灵魂 2,exact_single,1,,,,大地灵魂 2
c0a819759845,内外乐园,,exact_single,1,Dags Vidulejs,artmajeur.com,https://www.artmajeur.com/dags-vidulejs?view=grid&collections%5B%5D=2194390,内外乐园
06e9042faac1,岸,Shore,exact_single,1,尘三,artist.artron.net,https://artist.artron.net/artists23471/sale-0-0-0-7-1/,岸
9753bef074d8,早春,Early Spring,exact_single,1,苏阳阳,artist.artron.net,https://artist.artron.net/artists5391/sale-0-0-0-1-1/,早春
46f968491696,低潮,,exact_single,1,Igor Shulman,artmajeur.com,https://www.artmajeur.com/igor-shulman?view=grid&collections%5B%5D=1286191,低潮
d23e017b119b,幻想,,exact_single,1,Milos Hronec,artmajeur.com,https://www.artmajeur.com/milos-hronec?view=grid&collections%5B%5D=2390674,幻想
6a2d57cd5388,反弹,,exact_single,1,Jean-Humbert Savoldelli,artmajeur.com,https://www.artmajeur.com/jean-humbert-savoldelli?view=grid&collections%5B%5D=1607818,反弹
d547f0d4800f,等待假期,,exact_single,1,Igor Shulman,artmajeur.com,https://www.artmajeur.com/igor-shulman?view=grid&collections%5B%5D=1286191,等待假期
646eedf4686c,青藤书屋,Green Vine Study,exact_single,1,戴泽,daize.artron.net,https://daize.artron.net/,青藤书屋
bb4ca760e4bf,艰难的轨迹,Difficult Path,exact_single,1,,,,艰难的轨迹
87cb06976dd9,好山好水好风光,Beautiful Scenery,ambiguous,2,黄建南,huangjiannan.artron.net,https://huangjiannan.artron.net/works_index_21,好山好水好风光
ba50703eec4d,玉树哈秀的野兔,Jade Tree Hare,exact_single,1,戴泽,daize.artron.net,https://daize.artron.net/,玉树哈秀的野兔
2872f2ea39d6,献给玫瑰,For the Rose,exact_single,1,Oluwapelumi Olaosun,artmajeur.com,https://www.artmajeur.com/oluwapelumi-olaosun?view=grid&collections%5B%5D=2301889,献给玫瑰
a15cc3705b7d,蛤蜊田,,exact_single,1,Nga Tran,artmajeur.com,https://www.artmajeur.com/nga-tran?view=grid&collections%5B%5D=2287606,蛤蜊田
0cf80c920c66,求救信号,,exact_single,1,Jean-Humbert Savoldelli,artmajeur.com,https://www.artmajeur.com/jean-humbert-savoldelli?view=grid&collections%5B%5D=1607818,求救信号
913dcae8baba,拉萨街头,Streets of Lhasa,exact_single,1,戴泽,daize.artron.net,https://daize.artron.net/,拉萨街头
3134c6885767,自由坠落,,exact_single,1,Milos Hronec,artmajeur.com,https://www.artmajeur.com/milos-hronec?view=grid&collections%5B%5D=2390674,自由坠落
5f8e665a317d,麦积山,Maijishan,exact_single,1,戴泽,daize.artron.net,https://daize.artron.net/,麦积山
763b7e1fa7f7,反面,,exact_single,1,Annabelle Amory,artmajeur.com,https://www.artmajeur.com/annabelle-amory?view=grid&collections%5B%5D=2064842,反面
12537dd03549,月光下,Moonlight,exact_single,1,Robert Van Den Herik,artmajeur.com,https://www.artmajeur.com/robert-van-den-herik?view=grid&collections%5B0%5D=1744639&page=2,月光下
7555e5463b0c,播种,Sowing,exact_single,1,戴泽,daize.artron.net,https://daize.artron.net/,播种
6e47216a7a6c,午后的街口,Afternoon Street Corner,unmatched,0,,,,
6a0d0a49234a,下地狱,Descent into Hell,exact_single,1,,,,下地狱
134956295e53,抽烟致死,,exact_single,1,Jean-Humbert Savoldelli,artmajeur.com,https://www.artmajeur.com/jean-humbert-savoldelli?view=grid&collections%5B%5D=1607818,抽烟致死
f1ff0c6ffd13,旗帜,,exact_single,1,Jean-Humbert Savoldelli,artmajeur.com,https://www.artmajeur.com/jean-humbert-savoldelli?view=grid&collections%5B%5D=1607818,旗帜
2fbe3007a8eb,《如梦似幻》,Dreamlike Illusion,ambiguous,2,黄建南,huangjiannan.artron.net,https://huangjiannan.artron.net/works_index_21,《如梦似幻》
9a91a38ec8f1,巅峰 2,Pinnacle 2,exact_single,1,,,,巅峰 2
cc17613b2be1,就像在下雨一样,,exact_single,1,Jean-Humbert Savoldelli,artmajeur.com,https://www.artmajeur.com/jean-humbert-savoldelli?view=grid&collections%5B%5D=1607818,就像在下雨一样
fac8930f43d4,我也是宇宙,,exact_single,1,Milos Hronec,artmajeur.com,https://www.artmajeur.com/milos-hronec?view=grid&collections%5B%5D=2390674,我也是宇宙
48cc0b7ae1ec,衍山,Evolving Mountain,exact_single,1,尘三,artist.artron.net,https://artist.artron.net/artists23471/sale-0-0-0-7-1/,衍山
f0c4f3857c85,征服，第二阶段,,unmatched,0,,,,
3a87827d7ef4,刺痛,Sting,exact_single,1,,,,刺痛
592133ef1675,秋日午后,,exact_single,1,Nga Tran,artmajeur.com,https://www.artmajeur.com/nga-tran?view=grid&collections%5B%5D=2287606,秋日午后
2ba6937a648a,舍弃,Abandonment,exact_single,1,岳敏君,yueminjun.artron.net,https://yueminjun.artron.net/,舍弃
e0e97436525c,《举头三尺有神明》,"Three Feet Above, the Gods Observe",ambiguous,2,黄建南,huangjiannan.artron.net,https://huangjiannan.artron.net/works_index_21,《举头三尺有神明》
b46fdcbc728d,码头,,exact_single,1,Nga Tran,artmajeur.com,https://www.artmajeur.com/nga-tran?view=grid&collections%5B%5D=2287606,码头
e0d4ac4604b9,白荷,White Lotus,exact_single,1,管朴学,guanpuxue.artron.net,https://guanpuxue.artron.net/,白荷
22369fd59f70,梦魇_孵化者,,unmatched,0,,,,
205b0cad1622,美丽女孩,,exact_single,1,Jean-Humbert Savoldelli,artmajeur.com,https://www.artmajeur.com/jean-humbert-savoldelli?view=grid&collections%5B%5D=1607818,美丽女孩
15b49eba10c4,孩子,Child,exact_single,1,,,,孩子
4662671554db,锦绣河山,Magnificent Landscape,unmatched,0,,,,
57b721da32a8,甲虫,,exact_single,1,Elisa De Montis,artmajeur.com,https://www.artmajeur.com/elisa-de-montis?view=grid&collections%5B%5D=2450866,甲虫
aec4586d58b1,私语,Whisper,exact_single,1,,,,私语
e6c482d8371e,珍藏,Treasure,unmatched,0,,,,
58aefb5b0adb,生命之水,Water of Life,exact_single,1,戴泽,daize.artron.net,https://daize.artron.net/,生命之水
340c9bab3126,《生命密码》,Life Code,ambiguous,2,黄建南,huangjiannan.artron.net,https://huangjiannan.artron.net/works_index_21,《生命密码》
c741ef3e2d30,沃野天光,Vast Fields and Heavenly Light,exact_single,1,尘三,artist.artron.net,https://artist.artron.net/artists23471/sale-0-0-0-7-1/,沃野天光
b75bd3278387,留下的碎片,,exact_single,1,Ta,artmajeur.com,https://www.artmajeur.com/ta00?view=grid&collections%5B0%5D=2214331&page=1,留下的碎片
ce734acc96a2,东方之夜,,exact_single,1,Jean-Humbert Savoldelli,artmajeur.com,https://www.artmajeur.com/jean-humbert-savoldelli?view=grid&collections%5B%5D=1607818,东方之夜
c3ee5fe292f6,莎拉与幽灵,,exact_single,1,Chloe Kaemmerer,artmajeur.com,https://www.artmajeur.com/chloe-kaemmerer?view=grid&collections%5B%5D=2320546,莎拉与幽灵
a48245b8db6d,呐喊,The Scream,ambiguous,2,Milos Hronec,artmajeur.com,https://www.artmajeur.com/milos-hronec?view=grid&collections%5B%5D=2390674,呐喊
390d8eaa5b8d,比天空广阔的是胸怀,A Heart Broader Than the Sky,exact_single,1,,,,比天空广阔的是胸怀
51fa35bf4d09,蓝色的沉思,Blue Contemplation,exact_single,1,,,,蓝色的沉思
949c8e718b2a,数字战争,Digital War,exact_single,1,,,,数字战争
bf648976f624,节日,,exact_single,1,Viktor Sheleg,artmajeur.com,https://www.artmajeur.com/zh/yi-shu-pin?hybrid_query=%20Viktor%20Sheleg%20,节日
f2f42e1ee6d2,脆弱,,ambiguous,2,Jean-Humbert Savoldelli; Milos Hronec,artmajeur.com,https://www.artmajeur.com/jean-humbert-savoldelli?view=grid&collections%5B%5D=1607818; https://www.artmajeur.com/milos-hronec?view=grid&collections%5B%5D=2390674,脆弱
4f4009806f6f,红色的影响,,exact_single,1,Jean-Humbert Savoldelli,artmajeur.com,https://www.artmajeur.com/jean-humbert-savoldelli?view=grid&collections%5B%5D=1607818,红色的影响
0b7b583f2dad,注意，脆弱！,"Caution, Fragile!",exact_single,1,,,,注意，脆弱！
987d421e3ec9,在战斗中,,exact_single,1,Jeremie Camus,artmajeur.com,https://www.artmajeur.com/jeremie-camus?view=grid&collections%5B%5D=2238868,在战斗中
b687f93d4e58,在每个地方的中央,At the Center of Every Place,exact_single,1,Robert Van Den Herik,artmajeur.com,https://www.artmajeur.com/robert-van-den-herik?view=grid&collections%5B0%5D=1744639&page=2,在每个地方的中央
976844de6774,冰湖渔火,Fishing Lights on the Ice Lake,unmatched,0,,,,
1446e96743ef,寒山暖阳,"Cold Mountain, Warm Sun",exact_single,1,管朴学,guanpuxue.artron.net,https://guanpuxue.artron.net/,寒山暖阳
3d308fb78d69,被绑住的龙虾,Bound Lobster,exact_single,1,苏大朝,artist.artron.net,https://artist.artron.net/artists23462/sale-0-0-0-1-1/,被绑住的龙虾
64c1174c0062,窗户,Window,exact_single,1,,,,窗户
ffd85fec7db7,快乐服从社会,,exact_single,1,Dags Vidulejs,artmajeur.com,https://www.artmajeur.com/dags-vidulejs?view=grid&collections%5B%5D=2194390,快乐服从社会
ef0d4cfdbb49,狮子王.jpg,Lion King.jpg,exact_single,1,苏大朝,artist.artron.net,https://artist.artron.net/artists23462/sale-0-0-0-1-1/,狮子王.jpg
2013aa0c0e73,远方的阴影,Distant Shadows,exact_single,1,Robert Van Den Herik,artmajeur.com,https://www.artmajeur.com/robert-van-den-herik?view=grid&collections%5B0%5D=1744639&page=2,远方的阴影
279e5c21ae3e,白牡丹,White Peony,exact_single,1,管朴学,guanpuxue.artron.net,https://guanpuxue.artron.net/,白牡丹
e64dfeaed030,伊卡尔的堕落 2,,exact_single,1,Alain Vintenon,artmajeur.com,https://www.artmajeur.com/alain-vintenon?view=grid&collections%5B%5D=2312140,伊卡尔的堕落 2
9eb0f59a741f,穿梭入口门,Portal Gate,exact_single,1,Robert Van Den Herik,artmajeur.com,https://www.artmajeur.com/robert-van-den-herik?view=grid&collections%5B0%5D=1744639&page=2,穿梭入口门
06bd12237c02,十二怒汉与红衣女士,Twelve Angry Men and the Lady in Red,exact_single,1,,,,十二怒汉与红衣女士
3a9207888e2e,爱将拯救世界,,exact_single,1,Dags Vidulejs,artmajeur.com,https://www.artmajeur.com/dags-vidulejs?view=grid&collections%5B%5D=2194390,爱将拯救世界
b58dd966280f,飞翔吧，春天来了！,"Fly, Spring Has Arrived!",exact_single,1,Picrate,artmajeur.com,https://www.artmajeur.com/picrate?view=grid&collections%5B%5D=1775407,飞翔吧，春天来了！
a8be5b1177b3,紫色中的死亡,Death in Purple,exact_single,1,,,,紫色中的死亡
0ebe4180c160,简单的历史,Simple History,exact_single,1,Picrate,artmajeur.com,https://www.artmajeur.com/picrate?view=grid&collections%5B%5D=1775407,简单的历史
bcbe8c65a6bf,时光,Time,exact_single,1,戴泽,daize.artron.net,https://daize.artron.net/,时光
7c0f26de920c,夜行者,夜行者,exact_single,1,,,,夜行者
19973d5d3049,班卓琴演奏者,,exact_single,1,Ganiyat Abdulazeez,artmajeur.com,https://www.artmajeur.com/ganiyat-abdulazeez?view=grid&collections%5B%5D=2121668,班卓琴演奏者
0eab1a07395f,圣痕,,exact_single,1,Annabelle Amory,artmajeur.com,https://www.artmajeur.com/annabelle-amory?view=grid&collections%5B%5D=2064842,圣痕
eede7cad3046,穿过夜的我的光,My Light Through the Night,exact_single,1,,,,穿过夜的我的光
5cf99f216350,水下的里加沉没,,exact_single,1,Dags Vidulejs,artmajeur.com,https://www.artmajeur.com/dags-vidulejs?view=grid&collections%5B%5D=2194390,水下的里加沉没
a25d6a92a788,抢救生命,Saving Lives,exact_single,1,,,,抢救生命
50d7e202a650,在湖边玩耍,,unmatched,0,,,,
f3251ed259cd,从大鱼岛出发,Departing from Big Fish Island,exact_single,1,戴泽,daize.artron.net,https://daize.artron.net/,从大鱼岛出发
e07a026d6ab4,鸟笼,Birdcage,exact_single,1,Picrate,artmajeur.com,https://www.artmajeur.com/picrate?view=grid&collections%5B%5D=1775407,鸟笼
a7f82c4a070a,老工人,Old Worker,exact_single,1,戴泽,daize.artron.net,https://daize.artron.net/,老工人
2e68c13988f9,无处的希望,Hope in Nowhere,exact_single,1,,,,无处的希望
b7b81ddca3a5,圣水洗涤,Holy Water Cleansing,exact_single,1,韩玉臣,hanyuchen.artron.net,https://hanyuchen.artron.net/,圣水洗涤
3c9de05cf444,《秘异空间》,Secret Space,ambiguous,2,黄建南,huangjiannan.artron.net,https://huangjiannan.artron.net/works_index_21,《秘异空间》
231546034e19,永远快乐的士兵！,Forever Happy Soldier!,exact_single,1,,,,永远快乐的士兵！
74bd3832ade8,满足,,exact_single,1,Milos Hronec,artmajeur.com,https://www.artmajeur.com/milos-hronec?view=grid&collections%5B%5D=2390674,满足
de3803386951,遥远的孩子,Distant Child,exact_single,1,,,,遥远的孩子
7ef5d7f6c97c,没有什么是不可能的,Nothing Is Impossible,exact_single,1,,,,没有什么是不可能的
c2543cb3ec76,惬意喵眠.PNG,Content Catnap.PNG,exact_single,1,苏大朝,artist.artron.net,https://artist.artron.net/artists23462/sale-0-0-0-1-1/,惬意喵眠.PNG
55974b8d0005,献祭,Sacrifice,ambiguous,2,,,,献祭; 献祭 
f899ee99ca43,风景这边独好,The Scenery Here Is Uniquely Beautiful,ambiguous,2,黄建南,huangjiannan.artron.net,https://huangjiannan.artron.net/works_index_21,风景这边独好
55df3a8a7f8b,水滑行,,unmatched,0,,,,
7aaac1e1c8c4,洗礼归来,Baptism Return,exact_single,1,韩玉臣,hanyuchen.artron.net,https://hanyuchen.artron.net/,洗礼归来
38b76c101af4,象鸣,Elephant Call,exact_single,1,苏大朝,artist.artron.net,https://artist.artron.net/artists23462/sale-0-0-0-1-1/,象鸣
e5ed6f14235a,月是故乡明,The Moon Shines Brighter in My Hometown,exact_single,1,陈可之,chenkezhi.artron.net,https://chenkezhi.artron.net/works_index_1,月是故乡明
7efde0416584,蓝色空间,,exact_single,1,Jean-Humbert Savoldelli,artmajeur.com,https://www.artmajeur.com/jean-humbert-savoldelli?view=grid&collections%5B%5D=1607818,蓝色空间
51d822cc8545,你需要的只是爱,All You Need Is Love,exact_single,1,Picrate,artmajeur.com,https://www.artmajeur.com/picrate?view=grid&collections%5B%5D=1775407,你需要的只是爱
185461e8cdb2,玛曲街景,Street Scene in Maqu,exact_single,1,韩玉臣,hanyuchen.artron.net,https://hanyuchen.artron.net/,玛曲街景
e6b6b08832f1,村口的小白马,Little White Horse at the Village Entrance,exact_single,1,海阳,haiyang.artron.net,https://haiyang.artron.net/works_index_1,村口的小白马
890430c0aedf,朝圣者,,exact_single,1,Jean-Humbert Savoldelli,artmajeur.com,https://www.artmajeur.com/jean-humbert-savoldelli?view=grid&collections%5B%5D=1607818,朝圣者
b6da7d70ba51,从另一个角度看,Another Perspective,exact_single,1,Robert Van Den Herik,artmajeur.com,https://www.artmajeur.com/robert-van-den-herik?view=grid&collections%5B0%5D=1744639&page=2,从另一个角度看
1ed46f60b84c,红色故事,,exact_single,1,Jean-Humbert Savoldelli,artmajeur.com,https://www.artmajeur.com/jean-humbert-savoldelli?view=grid&collections%5B%5D=1607818,红色故事
30efa80e4b86,罂粟花,,exact_single,1,Aurelie Lafourcade,artmajeur.com,https://www.artmajeur.com/aurelie-lafourcade?view=grid&collections%5B%5D=2408860,罂粟花
